p_id,Player_bat,Country_bat,Venue,matches_played_bat,total_runs,batting_average,Performance_bat,matches_played_bowl,total_runs_conceded,balls_bowled,economy,total_wickets,Bowling_Strike_Rate,Performance_bowl
2,A Kamboj,India,"Wankhede Stadium, Mumbai",0,0,N/A,N/A,2,91,49,11.14,1,49,Bad
4,A Mishra,India,"M.Chinnaswamy Stadium, Bengaluru",0,0,N/A,N/A,1,18,12,9,1,12,Excellent
4,A Mishra,India,"Punjab Cricket Association IS Bindra Stadium, Mohali",0,0,N/A,N/A,1,23,12,11.5,0,N/A,Bad
4,A Mishra,India,"Rajiv Gandhi International Stadium, Hyderabad",0,0,N/A,N/A,1,40,25,9.6,1,25,Poor
4,A Mishra,India,"Sawai Mansingh Stadium, Jaipur",0,0,N/A,N/A,1,16,12,8,0,N/A,Average
5,A Nortje,South Africa,"Brabourne Stadium, Mumbai",0,0,N/A,N/A,1,36,27,8,1,27,Average
5,A Nortje,South Africa,Himachal Pradesh Cricket Association Stadium (Dharamsala),0,0,N/A,N/A,1,37,24,9.25,3,8,Excellent
5,A Nortje,South Africa,"Sawai Mansingh Stadium, Jaipur",0,0,N/A,N/A,1,50,24,12.5,1,24,Poor
5,A Nortje,South Africa,"Wankhede Stadium, Mumbai",0,0,N/A,N/A,2,103,52,11.88,4,13,Good
8,A Zampa,Australia,Himachal Pradesh Cricket Association Stadium (Dharamsala),0,0,N/A,N/A,1,26,24,6.5,1,24,Excellent
8,A Zampa,Australia,"Narendra Modi Stadium, Ahmedabad",0,0,N/A,N/A,1,32,24,8,2,12,Excellent
12,AF Milne,New Zealand,"Wankhede Stadium, Mumbai",0,0,N/A,N/A,1,19,15,7.6,0,N/A,Good
16,AJ Tye,Australia,"Brabourne Stadium, Mumbai",0,0,N/A,N/A,1,42,25,10.08,3,8.333333333,Excellent
16,AJ Tye,Australia,"Dr DY Patil Sports Academy, Mumbai",0,0,N/A,N/A,2,71,44,9.68,0,N/A,Poor
19,AR Patel,India,Himachal Pradesh Cricket Association Stadium (Dharamsala),0,0,N/A,N/A,1,27,18,9,1,18,Average
20,AS Joseph,West Indies,"Arun Jaitley Stadium, Delhi",0,0,N/A,N/A,1,29,25,6.96,2,12.5,Excellent
20,AS Joseph,West Indies,"Brabourne Stadium, Mumbai",0,0,N/A,N/A,2,85,49,10.41,2,24.5,Bad
20,AS Joseph,West Indies,"Eden Gardens, Kolkata",0,0,N/A,N/A,1,27,12,13.5,0,N/A,Bad
20,AS Joseph,West Indies,"M.Chinnaswamy Stadium, Bengaluru",0,0,N/A,N/A,2,77,38,12.16,1,38,Bad
20,AS Joseph,West Indies,"MA Chidambaram Stadium, Chennai",0,0,N/A,N/A,1,46,26,10.62,0,N/A,Bad
20,AS Joseph,West Indies,"Narendra Modi Stadium, Ahmedabad",0,0,N/A,N/A,4,113,72,9.42,4,18,Average
20,AS Joseph,West Indies,"Punjab Cricket Association IS Bindra Stadium, Mohali",0,0,N/A,N/A,1,32,29,6.62,1,29,Excellent
21,AS Roy,India,"M.Chinnaswamy Stadium, Bengaluru",0,0,N/A,N/A,1,6,12,3,0,N/A,Excellent
21,AS Roy,India,"Wankhede Stadium, Mumbai",0,0,N/A,N/A,1,28,24,7,1,24,Good
28,Akash Deep,India,"M.Chinnaswamy Stadium, Bengaluru",0,0,N/A,N/A,1,29,18,9.67,1,18,Average
28,Akash Deep,India,"Maharashtra Cricket Association Stadium, Pune",0,0,N/A,N/A,1,20,24,5,2,12,Excellent
29,Akash Madhwal,India,"Bharat Ratna Shri Atal Bihari Vajpayee Ekana Cricket Stadium, Lucknow",0,0,N/A,N/A,1,31,26,7.15,0,N/A,Good
29,Akash Madhwal,India,"MA Chidambaram Stadium, Chennai",0,0,N/A,N/A,2,10,27,2.22,7,3.857142857,Excellent
29,Akash Madhwal,India,Maharaja Yadavindra Singh International Cricket St (Mullanpur),0,0,N/A,N/A,1,48,24,12,2,12,Excellent
29,Akash Madhwal,India,"Narendra Modi Stadium, Ahmedabad",0,0,N/A,N/A,1,52,26,12,2,13,Good
29,Akash Madhwal,India,"Punjab Cricket Association IS Bindra Stadium, Mohali",0,0,N/A,N/A,1,37,19,11.68,0,N/A,Bad
30,Akash Singh,India,"Eden Gardens, Kolkata",0,0,N/A,N/A,1,29,25,6.96,1,25,Excellent
30,Akash Singh,India,"M.Chinnaswamy Stadium, Bengaluru",0,0,N/A,N/A,1,35,18,11.67,1,18,Average
30,Akash Singh,India,"MA Chidambaram Stadium, Chennai",0,0,N/A,N/A,3,92,62,8.9,3,20.66666667,Average
30,Akash Singh,India,"Sawai Mansingh Stadium, Jaipur",0,0,N/A,N/A,1,32,12,16,0,N/A,Bad
34,Arjun Tendulkar,India,"Rajiv Gandhi International Stadium, Hyderabad",0,0,N/A,N/A,1,20,20,6,2,10,Excellent
34,Arjun Tendulkar,India,"Wankhede Stadium, Mumbai",0,0,N/A,N/A,3,88,51,10.35,1,51,Bad
35,Arshad Khan,India,"Punjab Cricket Association IS Bindra Stadium, Mohali",0,0,N/A,N/A,1,48,25,11.52,1,25,Bad
37,Arshdeep Singh,India,"Arun Jaitley Stadium, Delhi",0,0,N/A,N/A,1,32,24,8,0,N/A,Average
37,Arshdeep Singh,India,"Barsapara Cricket Stadium, Guwahati",0,0,N/A,N/A,2,79,51,9.29,3,17,Average
37,Arshdeep Singh,India,"Bharat Ratna Shri Atal Bihari Vajpayee Ekana Cricket Stadium, Lucknow",0,0,N/A,N/A,2,53,38,8.37,3,12.66666667,Average
37,Arshdeep Singh,India,"Eden Gardens, Kolkata",0,0,N/A,N/A,2,84,54,9.33,3,18,Average
37,Arshdeep Singh,India,"M.Chinnaswamy Stadium, Bengaluru",0,0,N/A,N/A,1,42,23,10.96,0,N/A,Bad
37,Arshdeep Singh,India,"MA Chidambaram Stadium, Chennai",0,0,N/A,N/A,2,89,56,9.54,3,18.66666667,Average
37,Arshdeep Singh,India,Maharaja Yadavindra Singh International Cricket St (Mullanpur),0,0,N/A,N/A,5,154,108,9.52,8,18,Excellent
37,Arshdeep Singh,India,"Narendra Modi Stadium, Ahmedabad",0,0,N/A,N/A,1,37,24,9.25,0,N/A,Poor
37,Arshdeep Singh,India,"Rajiv Gandhi International Stadium, Hyderabad",0,0,N/A,N/A,2,58,43,8.09,3,14.33333333,Good
40,Avesh Khan,India,"Bharat Ratna Shri Atal Bihari Vajpayee Ekana Cricket Stadium, Lucknow",0,0,N/A,N/A,4,117,87,8.07,3,29,Average
40,Avesh Khan,India,"Dr DY Patil Sports Academy, Mumbai",0,0,N/A,N/A,4,149,96,9.31,4,24,Poor
40,Avesh Khan,India,"Eden Gardens, Kolkata",0,0,N/A,N/A,2,83,51,9.76,3,17,Average
40,Avesh Khan,India,"MA Chidambaram Stadium, Chennai",0,0,N/A,N/A,3,78,58,8.07,6,9.666666667,Excellent
40,Avesh Khan,India,Maharaja Yadavindra Singh International Cricket St (Mullanpur),0,0,N/A,N/A,1,35,24,8.75,2,12,Excellent
40,Avesh Khan,India,"Narendra Modi Stadium, Ahmedabad",0,0,N/A,N/A,2,79,48,9.88,4,12,Excellent
40,Avesh Khan,India,"Punjab Cricket Association IS Bindra Stadium, Mohali",0,0,N/A,N/A,1,28,12,14,0,N/A,Bad
40,Avesh Khan,India,"Rajiv Gandhi International Stadium, Hyderabad",0,0,N/A,N/A,2,69,39,10.62,3,13,Good
40,Avesh Khan,India,"Sawai Mansingh Stadium, Jaipur",0,0,N/A,N/A,6,219,145,9.06,7,20.71428571,Poor
43,B Kumar,India,"Arun Jaitley Stadium, Delhi",0,0,N/A,N/A,2,79,54,8.78,2,27,Average
43,B Kumar,India,"Bharat Ratna Shri Atal Bihari Vajpayee Ekana Cricket Stadium, Lucknow",0,0,N/A,N/A,1,19,13,8.77,1,13,Good
43,B Kumar,India,"Eden Gardens, Kolkata",0,0,N/A,N/A,2,81,52,9.35,1,52,Poor
43,B Kumar,India,"M.Chinnaswamy Stadium, Bengaluru",0,0,N/A,N/A,1,60,28,12.86,0,N/A,Bad
43,B Kumar,India,"Sawai Mansingh Stadium, Jaipur",0,0,N/A,N/A,1,44,26,10.15,1,26,Bad
47,Basil Thampi,India,"Brabourne Stadium, Mumbai",0,0,N/A,N/A,1,39,27,8.67,3,9,Excellent
47,Basil Thampi,India,"Dr DY Patil Sports Academy, Mumbai",0,0,N/A,N/A,1,26,6,26,0,N/A,Bad
47,Basil Thampi,India,"Maharashtra Cricket Association Stadium, Pune",0,0,N/A,N/A,3,93,69,8.09,2,34.5,Average
49,C Sakariya,India,"Dr DY Patil Sports Academy, Mumbai",0,0,N/A,N/A,1,23,27,5.11,2,13.5,Excellent
49,C Sakariya,India,"Wankhede Stadium, Mumbai",0,0,N/A,N/A,2,64,44,8.73,1,44,Average
53,CJ Jordan,England,"Bharat Ratna Shri Atal Bihari Vajpayee Ekana Cricket Stadium, Lucknow",0,0,N/A,N/A,1,50,26,11.54,0,N/A,Bad
53,CJ Jordan,England,"Maharashtra Cricket Association Stadium, Pune",0,0,N/A,N/A,1,59,24,14.75,0,N/A,Bad
53,CJ Jordan,England,"Wankhede Stadium, Mumbai",0,0,N/A,N/A,3,128,74,10.38,2,37,Bad
55,CV Varun,India,"Bharat Ratna Shri Atal Bihari Vajpayee Ekana Cricket Stadium, Lucknow",0,0,N/A,N/A,1,30,18,10,3,6,Excellent
55,CV Varun,India,Dr YS Rajasekhara Reddy Cricket Stadium (Visakhapatnam),0,0,N/A,N/A,1,38,27,8.44,3,9,Excellent
55,CV Varun,India,"M.Chinnaswamy Stadium, Bengaluru",0,0,N/A,N/A,2,47,36,7.83,3,12,Excellent
55,CV Varun,India,"MA Chidambaram Stadium, Chennai",0,0,N/A,N/A,3,74,61,7.28,3,20.33333333,Good
55,CV Varun,India,"Maharashtra Cricket Association Stadium, Pune",0,0,N/A,N/A,2,57,49,6.98,2,24.5,Excellent
55,CV Varun,India,"Narendra Modi Stadium, Ahmedabad",0,0,N/A,N/A,2,53,39,8.15,2,19.5,Average
55,CV Varun,India,"Punjab Cricket Association IS Bindra Stadium, Mohali",0,0,N/A,N/A,1,27,25,6.48,1,25,Excellent
55,CV Varun,India,"Rajiv Gandhi International Stadium, Hyderabad",0,0,N/A,N/A,1,24,24,6,1,24,Excellent
55,CV Varun,India,"Wankhede Stadium, Mumbai",0,0,N/A,N/A,4,97,100,5.82,4,25,Excellent
58,D Jansen,South Africa,"Wankhede Stadium, Mumbai",0,0,N/A,N/A,1,53,28,11.36,1,28,Bad
64,DG Nalkande,India,"Brabourne Stadium, Mumbai",0,0,N/A,N/A,1,37,19,11.68,2,9.5,Excellent
64,DG Nalkande,India,"Dr DY Patil Sports Academy, Mumbai",0,0,N/A,N/A,1,22,14,9.43,0,N/A,Poor
64,DG Nalkande,India,"Narendra Modi Stadium, Ahmedabad",0,0,N/A,N/A,2,25,19,7.89,1,19,Good
65,DJ Bravo,West Indies,"Maharashtra Cricket Association Stadium, Pune",0,0,N/A,N/A,1,23,24,5.75,3,8,Excellent
69,DJ Willey,England,"Maharashtra Cricket Association Stadium, Pune",0,0,N/A,N/A,1,8,12,4,0,N/A,Excellent
70,DL Chahar,India,"Arun Jaitley Stadium, Delhi",0,0,N/A,N/A,1,22,24,5.5,3,8,Excellent
70,DL Chahar,India,"Bharat Ratna Shri Atal Bihari Vajpayee Ekana Cricket Stadium, Lucknow",0,0,N/A,N/A,2,67,42,9.57,0,N/A,Poor
70,DL Chahar,India,Dr YS Rajasekhara Reddy Cricket Stadium (Visakhapatnam),0,0,N/A,N/A,1,42,24,10.5,0,N/A,Bad
70,DL Chahar,India,"Narendra Modi Stadium, Ahmedabad",0,0,N/A,N/A,2,71,48,8.88,1,48,Average
70,DL Chahar,India,"Rajiv Gandhi International Stadium, Hyderabad",0,0,N/A,N/A,1,32,19,10.11,1,19,Average
70,DL Chahar,India,"Wankhede Stadium, Mumbai",0,0,N/A,N/A,1,10,6,10,0,N/A,Bad
72,DR Sams,Australia,"Maharashtra Cricket Association Stadium, Pune",0,0,N/A,N/A,1,50,19,15.79,1,19,Average
80,Fazalhaq Farooqi,Afghanistan,"Bharat Ratna Shri Atal Bihari Vajpayee Ekana Cricket Stadium, Lucknow",0,0,N/A,N/A,1,14,19,4.42,1,19,Excellent
80,Fazalhaq Farooqi,Afghanistan,"Rajiv Gandhi International Stadium, Hyderabad",0,0,N/A,N/A,2,74,48,9.25,2,24,Poor
81,G Coetzee,South Africa,Maharaja Yadavindra Singh International Cricket St (Mullanpur),0,0,N/A,N/A,1,34,26,7.85,3,8.666666667,Excellent
81,G Coetzee,South Africa,"Rajiv Gandhi International Stadium, Hyderabad",0,0,N/A,N/A,1,61,27,13.56,1,27,Bad
86,Gurnoor Brar,India,"Punjab Cricket Association IS Bindra Stadium, Mohali",0,0,N/A,N/A,1,42,21,12,0,N/A,Bad
88,H Sharma,India,"M.Chinnaswamy Stadium, Bengaluru",0,0,N/A,N/A,1,33,18,11,0,N/A,Bad
88,H Sharma,India,"Sawai Mansingh Stadium, Jaipur",0,0,N/A,N/A,1,29,12,14.5,0,N/A,Bad
92,HR Shokeen,India,"Arun Jaitley Stadium, Delhi",0,0,N/A,N/A,1,43,26,9.92,1,26,Poor
92,HR Shokeen,India,"Bharat Ratna Shri Atal Bihari Vajpayee Ekana Cricket Stadium, Lucknow",0,0,N/A,N/A,1,21,18,7,0,N/A,Good
92,HR Shokeen,India,"Rajiv Gandhi International Stadium, Hyderabad",0,0,N/A,N/A,1,12,6,12,0,N/A,Bad
93,HV Patel,India,"Arun Jaitley Stadium, Delhi",0,0,N/A,N/A,1,32,13,14.77,1,13,Good
93,HV Patel,India,"Barsapara Cricket Stadium, Guwahati",0,0,N/A,N/A,1,28,25,6.72,3,8.333333333,Excellent
93,HV Patel,India,"Bharat Ratna Shri Atal Bihari Vajpayee Ekana Cricket Stadium, Lucknow",0,0,N/A,N/A,2,67,51,7.88,3,17,Good
93,HV Patel,India,"MA Chidambaram Stadium, Chennai",0,0,N/A,N/A,1,12,7,10.29,0,N/A,Bad
93,HV Patel,India,"Punjab Cricket Association IS Bindra Stadium, Mohali",0,0,N/A,N/A,1,23,22,6.27,1,22,Excellent
93,HV Patel,India,"Rajiv Gandhi International Stadium, Hyderabad",0,0,N/A,N/A,2,86,52,9.92,3,17.33333333,Average
95,Harpreet Brar,India,"Barsapara Cricket Stadium, Guwahati",0,0,N/A,N/A,2,25,18,8.33,0,N/A,Average
95,Harpreet Brar,India,"MA Chidambaram Stadium, Chennai",0,0,N/A,N/A,1,17,25,4.08,2,12.5,Excellent
97,Harshit Rana,India,"Bharat Ratna Shri Atal Bihari Vajpayee Ekana Cricket Stadium, Lucknow",0,0,N/A,N/A,1,24,20,7.2,3,6.666666667,Excellent
97,Harshit Rana,India,"Eden Gardens, Kolkata",0,0,N/A,N/A,11,376,239,9.44,17,14.05882353,Good
97,Harshit Rana,India,"M.Chinnaswamy Stadium, Bengaluru",0,0,N/A,N/A,1,39,25,9.36,2,12.5,Poor
97,Harshit Rana,India,"MA Chidambaram Stadium, Chennai",0,0,N/A,N/A,2,43,37,6.97,2,18.5,Excellent
97,Harshit Rana,India,"Narendra Modi Stadium, Ahmedabad",0,0,N/A,N/A,1,27,25,6.48,1,25,Excellent
98,I Sharma,India,"Arun Jaitley Stadium, Delhi",0,0,N/A,N/A,6,176,126,8.38,8,15.75,Good
98,I Sharma,India,"Bharat Ratna Shri Atal Bihari Vajpayee Ekana Cricket Stadium, Lucknow",0,0,N/A,N/A,1,36,28,7.71,1,28,Good
98,I Sharma,India,Himachal Pradesh Cricket Association Stadium (Dharamsala),0,0,N/A,N/A,1,37,19,11.68,2,9.5,Excellent
98,I Sharma,India,"MA Chidambaram Stadium, Chennai",0,0,N/A,N/A,1,24,14,10.29,0,N/A,Bad
98,I Sharma,India,Maharaja Yadavindra Singh International Cricket St (Mullanpur),0,0,N/A,N/A,1,16,15,6.4,2,7.5,Excellent
98,I Sharma,India,"Narendra Modi Stadium, Ahmedabad",0,0,N/A,N/A,2,31,38,4.89,5,7.6,Excellent
98,I Sharma,India,"Wankhede Stadium, Mumbai",0,0,N/A,N/A,1,40,22,10.91,0,N/A,Bad
103,J Little,Ireland,"Arun Jaitley Stadium, Delhi",0,0,N/A,N/A,1,27,24,6.75,0,N/A,Excellent
103,J Little,Ireland,"Eden Gardens, Kolkata",0,0,N/A,N/A,1,25,24,6.25,2,12,Excellent
103,J Little,Ireland,"M.Chinnaswamy Stadium, Bengaluru",0,0,N/A,N/A,1,45,25,10.8,4,6.25,Excellent
103,J Little,Ireland,"Narendra Modi Stadium, Ahmedabad",0,0,N/A,N/A,6,188,112,10.07,3,37.33333333,Bad
103,J Little,Ireland,"Punjab Cricket Association IS Bindra Stadium, Mohali",0,0,N/A,N/A,1,32,27,7.11,3,9,Excellent
103,J Little,Ireland,"Sawai Mansingh Stadium, Jaipur",0,0,N/A,N/A,1,24,24,6,1,24,Excellent
104,J Suchith,India,"Brabourne Stadium, Mumbai",0,0,N/A,N/A,2,44,38,6.95,3,12.66666667,Excellent
104,J Suchith,India,"Dr DY Patil Sports Academy, Mumbai",0,0,N/A,N/A,1,28,25,6.72,1,25,Excellent
105,J Yadav,India,"Bharat Ratna Shri Atal Bihari Vajpayee Ekana Cricket Stadium, Lucknow",0,0,N/A,N/A,1,26,24,6.5,0,N/A,Excellent
107,JC Archer,England,"M.Chinnaswamy Stadium, Bengaluru",0,0,N/A,N/A,1,33,24,8.25,0,N/A,Average
107,JC Archer,England,"Punjab Cricket Association IS Bindra Stadium, Mohali",0,0,N/A,N/A,1,60,27,13.33,0,N/A,Bad
109,JD Unadkat,India,"Bharat Ratna Shri Atal Bihari Vajpayee Ekana Cricket Stadium, Lucknow",0,0,N/A,N/A,2,65,39,10,1,39,Bad
109,JD Unadkat,India,"Narendra Modi Stadium, Ahmedabad",0,0,N/A,N/A,1,33,19,10.42,0,N/A,Bad
111,JE Root,England,"Eden Gardens, Kolkata",0,0,N/A,N/A,1,15,12,7.5,0,N/A,Good
112,JJ Bumrah,India,"Arun Jaitley Stadium, Delhi",0,0,N/A,N/A,1,36,27,8,1,27,Average
112,JJ Bumrah,India,"Bharat Ratna Shri Atal Bihari Vajpayee Ekana Cricket Stadium, Lucknow",0,0,N/A,N/A,1,17,24,4.25,0,N/A,Excellent
112,JJ Bumrah,India,"Brabourne Stadium, Mumbai",0,0,N/A,N/A,3,116,70,9.94,0,N/A,Poor
112,JJ Bumrah,India,"Eden Gardens, Kolkata",0,0,N/A,N/A,1,40,24,10,3,8,Excellent
112,JJ Bumrah,India,Maharaja Yadavindra Singh International Cricket St (Mullanpur),0,0,N/A,N/A,1,21,26,4.85,3,8.666666667,Excellent
112,JJ Bumrah,India,"Rajiv Gandhi International Stadium, Hyderabad",0,0,N/A,N/A,1,36,26,8.31,0,N/A,Average
116,JO Holder,West Indies,"M.Chinnaswamy Stadium, Bengaluru",0,0,N/A,N/A,1,34,24,8.5,0,N/A,Average
116,JO Holder,West Indies,"Rajiv Gandhi International Stadium, Hyderabad",0,0,N/A,N/A,1,16,18,5.33,1,18,Excellent
116,JO Holder,West Indies,"Sawai Mansingh Stadium, Jaipur",0,0,N/A,N/A,2,89,49,10.9,1,49,Bad
117,JP Behrendorff,Australia,"Arun Jaitley Stadium, Delhi",0,0,N/A,N/A,1,23,18,7.67,4,4.5,Excellent
117,JP Behrendorff,Australia,"Bharat Ratna Shri Atal Bihari Vajpayee Ekana Cricket Stadium, Lucknow",0,0,N/A,N/A,1,32,25,7.68,2,12.5,Good
117,JP Behrendorff,Australia,"M.Chinnaswamy Stadium, Bengaluru",0,0,N/A,N/A,1,37,18,12.33,0,N/A,Bad
117,JP Behrendorff,Australia,"MA Chidambaram Stadium, Chennai",0,0,N/A,N/A,1,23,18,7.67,0,N/A,Good
117,JP Behrendorff,Australia,"Rajiv Gandhi International Stadium, Hyderabad",0,0,N/A,N/A,1,37,25,8.88,3,8.333333333,Excellent
117,JP Behrendorff,Australia,"Wankhede Stadium, Mumbai",0,0,N/A,N/A,5,178,108,9.89,7,15.42857143,Good
118,JR Hazlewood,Australia,"Arun Jaitley Stadium, Delhi",0,0,N/A,N/A,1,29,19,9.16,1,19,Average
118,JR Hazlewood,Australia,"Eden Gardens, Kolkata",0,0,N/A,N/A,1,44,27,9.78,3,9,Excellent
118,JR Hazlewood,Australia,"Wankhede Stadium, Mumbai",0,0,N/A,N/A,4,117,92,7.63,7,13.14285714,Good
120,K Gowtham,India,"Dr DY Patil Sports Academy, Mumbai",0,0,N/A,N/A,2,46,36,7.67,2,18,Good
120,K Gowtham,India,"Rajiv Gandhi International Stadium, Hyderabad",0,0,N/A,N/A,1,30,13,13.85,0,N/A,Bad
121,K Kartikeya,India,"Brabourne Stadium, Mumbai",0,0,N/A,N/A,1,29,18,9.67,0,N/A,Poor
121,K Kartikeya,India,"Punjab Cricket Association IS Bindra Stadium, Mohali",0,0,N/A,N/A,1,25,21,7.14,0,N/A,Good
121,K Kartikeya,India,"Wankhede Stadium, Mumbai",0,0,N/A,N/A,6,174,124,8.42,6,20.66666667,Average
122,K Khejroliya,India,"Arun Jaitley Stadium, Delhi",0,0,N/A,N/A,1,20,9,13.33,0,N/A,Bad
122,K Khejroliya,India,"Eden Gardens, Kolkata",0,0,N/A,N/A,1,44,19,13.89,2,9.5,Excellent
123,K Rabada,South Africa,"Eden Gardens, Kolkata",0,0,N/A,N/A,1,52,22,14.18,0,N/A,Bad
123,K Rabada,South Africa,"M.Chinnaswamy Stadium, Bengaluru",0,0,N/A,N/A,1,28,25,6.72,2,12.5,Excellent
123,K Rabada,South Africa,"MA Chidambaram Stadium, Chennai",0,0,N/A,N/A,2,59,50,7.08,1,50,Good
123,K Rabada,South Africa,"Narendra Modi Stadium, Ahmedabad",0,0,N/A,N/A,1,44,25,10.56,2,12.5,Bad
124,K Yadav,India,"Sawai Mansingh Stadium, Jaipur",0,0,N/A,N/A,2,68,42,9.71,2,21,Poor
126,KA Maharaj,South Africa,"Sawai Mansingh Stadium, Jaipur",0,0,N/A,N/A,1,16,12,8,0,N/A,Average
130,KK Ahmed,India,"Arun Jaitley Stadium, Delhi",0,0,N/A,N/A,9,362,203,10.7,9,22.55555556,Poor
130,KK Ahmed,India,"Barsapara Cricket Stadium, Guwahati",0,0,N/A,N/A,1,31,14,13.29,0,N/A,Bad
130,KK Ahmed,India,"Bharat Ratna Shri Atal Bihari Vajpayee Ekana Cricket Stadium, Lucknow",0,0,N/A,N/A,2,74,50,8.88,4,12.5,Average
130,KK Ahmed,India,"Brabourne Stadium, Mumbai",0,0,N/A,N/A,4,103,97,6.37,10,9.7,Excellent
130,KK Ahmed,India,Dr YS Rajasekhara Reddy Cricket Stadium (Visakhapatnam),0,0,N/A,N/A,2,69,59,7.02,3,19.67,Good
130,KK Ahmed,India,"Eden Gardens, Kolkata",0,0,N/A,N/A,1,28,18,9.33,0,N/A,Poor
130,KK Ahmed,India,Himachal Pradesh Cricket Association Stadium (Dharamsala),0,0,N/A,N/A,1,23,19,7.26,1,19,Good
130,KK Ahmed,India,"M.Chinnaswamy Stadium, Bengaluru",0,0,N/A,N/A,1,32,24,8,2,12,Excellent
130,KK Ahmed,India,"MA Chidambaram Stadium, Chennai",0,0,N/A,N/A,1,33,26,7.62,1,26,Good
130,KK Ahmed,India,Maharaja Yadavindra Singh International Cricket St (Mullanpur),0,0,N/A,N/A,1,43,24,10.75,2,12,Excellent
130,KK Ahmed,India,"Narendra Modi Stadium, Ahmedabad",0,0,N/A,N/A,2,44,49,5.39,3,16.33333333,Excellent
130,KK Ahmed,India,"Sawai Mansingh Stadium, Jaipur",0,0,N/A,N/A,1,24,26,5.54,1,26,Excellent
130,KK Ahmed,India,"Wankhede Stadium, Mumbai",0,0,N/A,N/A,4,146,94,9.32,3,31.33333333,Poor
132,KL Nagarkoti,India,"Brabourne Stadium, Mumbai",0,0,N/A,N/A,1,29,13,13.38,0,N/A,Bad
134,KM Asif,India,"Barsapara Cricket Stadium, Guwahati",0,0,N/A,N/A,1,55,28,11.79,0,N/A,Bad
134,KM Asif,India,"Eden Gardens, Kolkata",0,0,N/A,N/A,1,27,19,8.53,1,19,Average
134,KM Asif,India,"Rajiv Gandhi International Stadium, Hyderabad",0,0,N/A,N/A,1,15,19,4.74,0,N/A,Excellent
137,KR Sen,India,"Eden Gardens, Kolkata",0,0,N/A,N/A,1,50,26,11.54,2,13,Good
137,KR Sen,India,"MA Chidambaram Stadium, Chennai",0,0,N/A,N/A,1,9,12,4.5,0,N/A,Excellent
137,KR Sen,India,Maharaja Yadavindra Singh International Cricket St (Mullanpur),0,0,N/A,N/A,1,35,24,8.75,1,24,Average
137,KR Sen,India,"Maharashtra Cricket Association Stadium, Pune",0,0,N/A,N/A,1,20,21,5.71,4,5.25,Excellent
137,KR Sen,India,"Sawai Mansingh Stadium, Jaipur",0,0,N/A,N/A,1,42,29,8.69,3,9.666666667,Excellent
137,KR Sen,India,"Wankhede Stadium, Mumbai",0,0,N/A,N/A,4,126,79,9.57,2,39.5,Poor
141,KT Maphaka,South Africa,"Rajiv Gandhi International Stadium, Hyderabad",0,0,N/A,N/A,1,67,27,14.89,0,N/A,Bad
141,KT Maphaka,South Africa,"Wankhede Stadium, Mumbai",0,0,N/A,N/A,1,23,12,11.5,1,12,Excellent
142,KV Sharma,India,"Arun Jaitley Stadium, Delhi",0,0,N/A,N/A,1,37,18,12.33,1,18,Average
142,KV Sharma,India,Himachal Pradesh Cricket Association Stadium (Dharamsala),0,0,N/A,N/A,1,36,18,12,2,9,Excellent
142,KV Sharma,India,"MA Chidambaram Stadium, Chennai",0,0,N/A,N/A,1,24,12,12,1,12,Excellent
142,KV Sharma,India,"Rajiv Gandhi International Stadium, Hyderabad",0,0,N/A,N/A,2,74,45,9.87,2,22.5,Poor
142,KV Sharma,India,"Sawai Mansingh Stadium, Jaipur",0,0,N/A,N/A,1,19,9,12.67,3,3,Excellent
144,Kartik Tyagi,India,"Narendra Modi Stadium, Ahmedabad",0,0,N/A,N/A,1,52,26,12,0,N/A,Bad
144,Kartik Tyagi,India,"Rajiv Gandhi International Stadium, Hyderabad",0,0,N/A,N/A,2,51,24,12.75,1,24,Poor
145,Kuldeep Yadav,India,"Brabourne Stadium, Mumbai",0,0,N/A,N/A,4,117,98,7.16,10,9.8,Excellent
145,Kuldeep Yadav,India,Himachal Pradesh Cricket Association Stadium (Dharamsala),0,0,N/A,N/A,1,21,19,6.63,0,N/A,Excellent
145,Kuldeep Yadav,India,"Sawai Mansingh Stadium, Jaipur",0,0,N/A,N/A,1,41,26,9.46,1,26,Poor
148,L Wood,England,"Narendra Modi Stadium, Ahmedabad",0,0,N/A,N/A,1,26,14,11.14,0,N/A,Bad
149,LB Williams,South Africa,"Arun Jaitley Stadium, Delhi",0,0,N/A,N/A,1,34,22,9.27,0,N/A,Poor
150,LH Ferguson,New Zealand,"Brabourne Stadium, Mumbai",0,0,N/A,N/A,3,105,74,8.51,5,14.8,Good
150,LH Ferguson,New Zealand,Himachal Pradesh Cricket Association Stadium (Dharamsala),0,0,N/A,N/A,1,31,18,10.33,3,6,Excellent
150,LH Ferguson,New Zealand,"M.Chinnaswamy Stadium, Bengaluru",0,0,N/A,N/A,3,117,68,10.32,5,13.6,Good
150,LH Ferguson,New Zealand,"Maharashtra Cricket Association Stadium, Pune",0,0,N/A,N/A,2,75,49,9.18,5,9.8,Excellent
150,LH Ferguson,New Zealand,"Narendra Modi Stadium, Ahmedabad",0,0,N/A,N/A,3,101,68,8.91,1,68,Average
150,LH Ferguson,New Zealand,"Rajiv Gandhi International Stadium, Hyderabad",0,0,N/A,N/A,1,28,12,14,0,N/A,Bad
150,LH Ferguson,New Zealand,"Wankhede Stadium, Mumbai",0,0,N/A,N/A,4,116,71,9.8,1,71,Poor
155,M Ashwin,India,"Barsapara Cricket Stadium, Guwahati",0,0,N/A,N/A,1,11,7,9.43,0,N/A,Poor
155,M Ashwin,India,"Sawai Mansingh Stadium, Jaipur",0,0,N/A,N/A,1,42,18,14,0,N/A,Bad
156,M Jansen,South Africa,"Brabourne Stadium, Mumbai",0,0,N/A,N/A,2,52,52,6,4,13,Excellent
156,M Jansen,South Africa,"Dr DY Patil Sports Academy, Mumbai",0,0,N/A,N/A,3,92,75,7.36,2,37.5,Good
157,M Markande,India,"Arun Jaitley Stadium, Delhi",0,0,N/A,N/A,2,46,38,7.26,4,9.5,Excellent
157,M Markande,India,"Eden Gardens, Kolkata",0,0,N/A,N/A,2,66,48,8.25,4,12,Excellent
157,M Markande,India,"M.Chinnaswamy Stadium, Bengaluru",0,0,N/A,N/A,1,46,27,10.22,2,13.5,Good
157,M Markande,India,"MA Chidambaram Stadium, Chennai",0,0,N/A,N/A,1,23,24,5.75,2,12,Excellent
157,M Markande,India,"Sawai Mansingh Stadium, Jaipur",0,0,N/A,N/A,1,51,24,12.75,0,N/A,Bad
157,M Markande,India,"Wankhede Stadium, Mumbai",0,0,N/A,N/A,2,61,42,8.71,1,42,Average
158,M Pathirana,Sri Lanka,"Arun Jaitley Stadium, Delhi",0,0,N/A,N/A,1,23,29,4.76,2,14.5,Excellent
158,M Pathirana,Sri Lanka,"Bharat Ratna Shri Atal Bihari Vajpayee Ekana Cricket Stadium, Lucknow",0,0,N/A,N/A,2,53,48,6.62,3,16,Excellent
158,M Pathirana,Sri Lanka,"Brabourne Stadium, Mumbai",0,0,N/A,N/A,1,30,26,6.92,0,N/A,Excellent
158,M Pathirana,Sri Lanka,Dr YS Rajasekhara Reddy Cricket Stadium (Visakhapatnam),0,0,N/A,N/A,1,32,26,7.38,3,8.666666667,Excellent
158,M Pathirana,Sri Lanka,"Eden Gardens, Kolkata",0,0,N/A,N/A,1,27,27,6,1,27,Excellent
158,M Pathirana,Sri Lanka,"M.Chinnaswamy Stadium, Bengaluru",0,0,N/A,N/A,1,42,26,9.69,2,13,Good
158,M Pathirana,Sri Lanka,"MA Chidambaram Stadium, Chennai",0,0,N/A,N/A,9,259,222,7,18,12.33333333,Good
158,M Pathirana,Sri Lanka,"Narendra Modi Stadium, Ahmedabad",0,0,N/A,N/A,1,46,26,10.62,2,13,Good
158,M Pathirana,Sri Lanka,"Sawai Mansingh Stadium, Jaipur",0,0,N/A,N/A,1,49,26,11.31,1,26,Bad
158,M Pathirana,Sri Lanka,"Wankhede Stadium, Mumbai",0,0,N/A,N/A,2,56,47,7.15,6,7.833333333,Excellent
159,M Prasidh Krishna,India,"Brabourne Stadium, Mumbai",0,0,N/A,N/A,3,108,79,8.2,3,26.33333333,Average
159,M Prasidh Krishna,India,"Eden Gardens, Kolkata",0,0,N/A,N/A,1,41,22,11.18,0,N/A,Bad
159,M Prasidh Krishna,India,"Narendra Modi Stadium, Ahmedabad",0,0,N/A,N/A,2,70,51,8.24,4,12.75,Average
159,M Prasidh Krishna,India,"Wankhede Stadium, Mumbai",0,0,N/A,N/A,5,185,130,8.54,6,21.66666667,Average
161,M Siddharth,India,"Bharat Ratna Shri Atal Bihari Vajpayee Ekana Cricket Stadium, Lucknow",0,0,N/A,N/A,2,51,40,7.65,0,N/A,Good
161,M Siddharth,India,"M.Chinnaswamy Stadium, Bengaluru",0,0,N/A,N/A,1,21,18,7,1,18,Good
162,M Theekshana,Sri Lanka,"Arun Jaitley Stadium, Delhi",0,0,N/A,N/A,1,23,24,5.75,2,12,Excellent
162,M Theekshana,Sri Lanka,"Bharat Ratna Shri Atal Bihari Vajpayee Ekana Cricket Stadium, Lucknow",0,0,N/A,N/A,1,37,24,9.25,2,12,Excellent
162,M Theekshana,Sri Lanka,"Dr DY Patil Sports Academy, Mumbai",0,0,N/A,N/A,4,129,96,8.06,6,16,Good
162,M Theekshana,Sri Lanka,"Eden Gardens, Kolkata",0,0,N/A,N/A,1,32,25,7.68,2,12.5,Good
162,M Theekshana,Sri Lanka,"M.Chinnaswamy Stadium, Bengaluru",0,0,N/A,N/A,2,67,50,8.04,1,50,Average
162,M Theekshana,Sri Lanka,"MA Chidambaram Stadium, Chennai",0,0,N/A,N/A,10,294,223,7.91,4,55.75,Good
162,M Theekshana,Sri Lanka,"Narendra Modi Stadium, Ahmedabad",0,0,N/A,N/A,1,36,24,9,0,N/A,Poor
162,M Theekshana,Sri Lanka,"Rajiv Gandhi International Stadium, Hyderabad",0,0,N/A,N/A,1,28,24,7,1,24,Good
162,M Theekshana,Sri Lanka,"Sawai Mansingh Stadium, Jaipur",0,0,N/A,N/A,1,30,25,7.2,1,25,Good
165,MA Starc,Australia,"Bharat Ratna Shri Atal Bihari Vajpayee Ekana Cricket Stadium, Lucknow",0,0,N/A,N/A,1,22,12,11,1,12,Excellent
165,MA Starc,Australia,"M.Chinnaswamy Stadium, Bengaluru",0,0,N/A,N/A,1,47,25,11.28,1,25,Bad
165,MA Starc,Australia,"Narendra Modi Stadium, Ahmedabad",0,0,N/A,N/A,1,34,25,8.16,3,8.333333333,Excellent
166,MA Wood,England,"Bharat Ratna Shri Atal Bihari Vajpayee Ekana Cricket Stadium, Lucknow",0,0,N/A,N/A,2,50,52,5.77,7,7.428571429,Excellent
170,MJ Henry,New Zealand,"Bharat Ratna Shri Atal Bihari Vajpayee Ekana Cricket Stadium, Lucknow",0,0,N/A,N/A,2,60,36,10,0,N/A,Bad
170,MJ Henry,New Zealand,"MA Chidambaram Stadium, Chennai",0,0,N/A,N/A,1,28,24,7,1,24,Good
170,MJ Henry,New Zealand,"Wankhede Stadium, Mumbai",0,0,N/A,N/A,1,24,14,10.29,0,N/A,Bad
171,MJ Santner,New Zealand,"Maharashtra Cricket Association Stadium, Pune",0,0,N/A,N/A,1,36,18,12,1,18,Average
175,MM Ali,England,"Eden Gardens, Kolkata",0,0,N/A,N/A,1,20,6,20,1,6,Excellent
175,MM Ali,England,"Rajiv Gandhi International Stadium, Hyderabad",0,0,N/A,N/A,1,23,19,7.26,2,9.5,Excellent
176,MM Sharma,India,"Arun Jaitley Stadium, Delhi",0,0,N/A,N/A,1,73,25,17.52,0,N/A,Bad
176,MM Sharma,India,"Bharat Ratna Shri Atal Bihari Vajpayee Ekana Cricket Stadium, Lucknow",0,0,N/A,N/A,2,51,36,8.5,4,9,Excellent
176,MM Sharma,India,"Eden Gardens, Kolkata",0,0,N/A,N/A,1,12,6,12,0,N/A,Bad
176,MM Sharma,India,"MA Chidambaram Stadium, Chennai",0,0,N/A,N/A,2,67,49,8.2,4,12.25,Average
176,MM Sharma,India,Maharaja Yadavindra Singh International Cricket St (Mullanpur),0,0,N/A,N/A,1,33,25,7.92,3,8.333333333,Excellent
176,MM Sharma,India,"Punjab Cricket Association IS Bindra Stadium, Mohali",0,0,N/A,N/A,1,18,24,4.5,2,12,Excellent
176,MM Sharma,India,"Sawai Mansingh Stadium, Jaipur",0,0,N/A,N/A,2,56,33,10.18,2,16.5,Bad
176,MM Sharma,India,"Wankhede Stadium, Mumbai",0,0,N/A,N/A,1,43,24,10.75,1,24,Poor
178,MP Yadav,India,"Bharat Ratna Shri Atal Bihari Vajpayee Ekana Cricket Stadium, Lucknow",0,0,N/A,N/A,3,73,52,8.42,4,13,Good
178,MP Yadav,India,"M.Chinnaswamy Stadium, Bengaluru",0,0,N/A,N/A,1,15,24,3.75,4,6,Excellent
184,Mayank Dagar,India,"MA Chidambaram Stadium, Chennai",0,0,N/A,N/A,2,27,30,5.4,0,N/A,Excellent
184,Mayank Dagar,India,"Rajiv Gandhi International Stadium, Hyderabad",0,0,N/A,N/A,1,25,24,6.25,0,N/A,Excellent
184,Mayank Dagar,India,"Sawai Mansingh Stadium, Jaipur",0,0,N/A,N/A,1,34,12,17,0,N/A,Bad
184,Mayank Dagar,India,"Wankhede Stadium, Mumbai",0,0,N/A,N/A,1,37,24,9.25,1,24,Poor
186,Mohammed Shami,India,"Arun Jaitley Stadium, Delhi",0,0,N/A,N/A,1,41,28,8.79,3,9.333333333,Excellent
186,Mohammed Shami,India,"Bharat Ratna Shri Atal Bihari Vajpayee Ekana Cricket Stadium, Lucknow",0,0,N/A,N/A,1,19,18,6.33,0,N/A,Excellent
186,Mohammed Shami,India,"Brabourne Stadium, Mumbai",0,0,N/A,N/A,3,119,75,9.52,2,37.5,Poor
186,Mohammed Shami,India,"Dr DY Patil Sports Academy, Mumbai",0,0,N/A,N/A,4,134,97,8.29,4,24.25,Average
186,Mohammed Shami,India,"Eden Gardens, Kolkata",0,0,N/A,N/A,2,76,50,9.12,4,12.5,Poor
186,Mohammed Shami,India,"M.Chinnaswamy Stadium, Bengaluru",0,0,N/A,N/A,1,40,25,9.6,1,25,Poor
186,Mohammed Shami,India,"Maharashtra Cricket Association Stadium, Pune",0,0,N/A,N/A,3,55,69,4.78,4,17.25,Excellent
186,Mohammed Shami,India,"Punjab Cricket Association IS Bindra Stadium, Mohali",0,0,N/A,N/A,1,44,25,10.56,1,25,Bad
186,Mohammed Shami,India,"Sawai Mansingh Stadium, Jaipur",0,0,N/A,N/A,1,27,26,6.23,1,26,Excellent
186,Mohammed Shami,India,"Wankhede Stadium, Mumbai",0,0,N/A,N/A,5,161,111,8.7,8,13.875,Good
187,Mohammed Siraj,India,"Arun Jaitley Stadium, Delhi",0,0,N/A,N/A,1,29,13,13.38,0,N/A,Bad
187,Mohammed Siraj,India,"Eden Gardens, Kolkata",0,0,N/A,N/A,3,136,80,10.2,3,26.66666667,Bad
187,Mohammed Siraj,India,Himachal Pradesh Cricket Association Stadium (Dharamsala),0,0,N/A,N/A,1,43,26,9.92,3,8.666666667,Excellent
187,Mohammed Siraj,India,"MA Chidambaram Stadium, Chennai",0,0,N/A,N/A,1,38,25,9.12,0,N/A,Poor
187,Mohammed Siraj,India,"Narendra Modi Stadium, Ahmedabad",0,0,N/A,N/A,3,99,67,8.87,3,22.33333333,Average
187,Mohammed Siraj,India,"Punjab Cricket Association IS Bindra Stadium, Mohali",0,0,N/A,N/A,1,22,24,5.5,4,6,Excellent
187,Mohammed Siraj,India,"Rajiv Gandhi International Stadium, Hyderabad",0,0,N/A,N/A,2,39,52,4.5,1,52,Excellent
187,Mohammed Siraj,India,"Sawai Mansingh Stadium, Jaipur",0,0,N/A,N/A,2,45,38,7.11,2,19,Good
187,Mohammed Siraj,India,"Wankhede Stadium, Mumbai",0,0,N/A,N/A,5,171,106,9.68,2,53,Poor
189,Mohsin Khan,India,"Arun Jaitley Stadium, Delhi",0,0,N/A,N/A,1,29,24,7.25,0,N/A,Good
189,Mohsin Khan,India,"Dr DY Patil Sports Academy, Mumbai",0,0,N/A,N/A,1,20,25,4.8,3,8.333333333,Excellent
189,Mohsin Khan,India,"Eden Gardens, Kolkata",0,0,N/A,N/A,3,69,56,7.39,3,18.66666667,Good
189,Mohsin Khan,India,"Narendra Modi Stadium, Ahmedabad",0,0,N/A,N/A,1,42,20,12.6,1,20,Average
189,Mohsin Khan,India,"Sawai Mansingh Stadium, Jaipur",0,0,N/A,N/A,1,45,25,10.8,1,25,Bad
189,Mohsin Khan,India,"Wankhede Stadium, Mumbai",0,0,N/A,N/A,4,106,89,7.15,6,14.83333333,Good
191,Mukesh Choudhary,India,"Dr DY Patil Sports Academy, Mumbai",0,0,N/A,N/A,4,111,81,8.22,7,11.57142857,Excellent
191,Mukesh Choudhary,India,"Maharashtra Cricket Association Stadium, Pune",0,0,N/A,N/A,3,94,63,8.95,5,12.6,Average
191,Mukesh Choudhary,India,"Rajiv Gandhi International Stadium, Hyderabad",0,0,N/A,N/A,1,27,7,23.14,0,N/A,Bad
192,Mukesh Kumar,India,Dr YS Rajasekhara Reddy Cricket Stadium (Visakhapatnam),0,0,N/A,N/A,1,21,19,6.63,3,6.333333333,Excellent
192,Mukesh Kumar,India,Himachal Pradesh Cricket Association Stadium (Dharamsala),0,0,N/A,N/A,1,53,25,12.72,1,25,Bad
192,Mukesh Kumar,India,"Narendra Modi Stadium, Ahmedabad",0,0,N/A,N/A,1,15,18,5,3,6,Excellent
192,Mukesh Kumar,India,"Rajiv Gandhi International Stadium, Hyderabad",0,0,N/A,N/A,1,27,18,9,0,N/A,Poor
192,Mukesh Kumar,India,"Sawai Mansingh Stadium, Jaipur",0,0,N/A,N/A,1,49,25,11.76,1,25,Bad
193,Mustafizur Rahman,Bangladesh,"Bharat Ratna Shri Atal Bihari Vajpayee Ekana Cricket Stadium, Lucknow",0,0,N/A,N/A,1,43,26,9.92,1,26,Poor
193,Mustafizur Rahman,Bangladesh,"Brabourne Stadium, Mumbai",0,0,N/A,N/A,2,49,48,6.12,2,24,Excellent
193,Mustafizur Rahman,Bangladesh,"Dr DY Patil Sports Academy, Mumbai",0,0,N/A,N/A,1,26,26,6,0,N/A,Excellent
193,Mustafizur Rahman,Bangladesh,Dr YS Rajasekhara Reddy Cricket Stadium (Visakhapatnam),0,0,N/A,N/A,1,50,27,11.11,1,27,Bad
193,Mustafizur Rahman,Bangladesh,"M.Chinnaswamy Stadium, Bengaluru",0,0,N/A,N/A,1,41,18,13.67,0,N/A,Bad
193,Mustafizur Rahman,Bangladesh,"MA Chidambaram Stadium, Chennai",0,0,N/A,N/A,6,176,145,7.28,11,13.18181818,Good
193,Mustafizur Rahman,Bangladesh,"Wankhede Stadium, Mumbai",0,0,N/A,N/A,5,202,127,9.54,5,25.4,Poor
194,N Burger,South Africa,"MA Chidambaram Stadium, Chennai",0,0,N/A,N/A,1,21,18,7,1,18,Good
194,N Burger,South Africa,"Sawai Mansingh Stadium, Jaipur",0,0,N/A,N/A,3,98,62,9.48,4,15.5,Good
194,N Burger,South Africa,"Wankhede Stadium, Mumbai",0,0,N/A,N/A,1,33,25,7.92,2,12.5,Good
198,N Thushara,Sri Lanka,"Arun Jaitley Stadium, Delhi",0,0,N/A,N/A,1,56,26,12.92,0,N/A,Bad
198,N Thushara,Sri Lanka,"Bharat Ratna Shri Atal Bihari Vajpayee Ekana Cricket Stadium, Lucknow",0,0,N/A,N/A,1,30,26,6.92,1,26,Excellent
198,N Thushara,Sri Lanka,"Eden Gardens, Kolkata",0,0,N/A,N/A,1,31,20,9.3,1,20,Average
198,N Thushara,Sri Lanka,"Sawai Mansingh Stadium, Jaipur",0,0,N/A,N/A,1,28,18,9.33,0,N/A,Poor
198,N Thushara,Sri Lanka,"Wankhede Stadium, Mumbai",0,0,N/A,N/A,3,114,82,8.34,6,13.66666667,Good
200,NA Saini,India,"Rajiv Gandhi International Stadium, Hyderabad",0,0,N/A,N/A,1,35,15,14,0,N/A,Bad
202,NT Ellis,Australia,"Arun Jaitley Stadium, Delhi",0,0,N/A,N/A,1,26,25,6.24,2,12.5,Excellent
202,NT Ellis,Australia,"Barsapara Cricket Stadium, Guwahati",0,0,N/A,N/A,2,54,48,6.75,5,9.6,Excellent
202,NT Ellis,Australia,"Eden Gardens, Kolkata",0,0,N/A,N/A,1,30,24,7.5,1,24,Good
202,NT Ellis,Australia,Himachal Pradesh Cricket Association Stadium (Dharamsala),0,0,N/A,N/A,2,80,49,9.8,1,49,Poor
202,NT Ellis,Australia,"Wankhede Stadium, Mumbai",0,0,N/A,N/A,2,86,50,10.32,5,10,Excellent
204,Navdeep Saini,India,Himachal Pradesh Cricket Association Stadium (Dharamsala),0,0,N/A,N/A,1,40,25,9.6,3,8.333333333,Excellent
204,Navdeep Saini,India,"Wankhede Stadium, Mumbai",0,0,N/A,N/A,1,37,19,11.68,1,19,Average
205,Naveen-ul-Haq,Afghanistan,"M.Chinnaswamy Stadium, Bengaluru",0,0,N/A,N/A,1,26,23,6.78,2,11.5,Excellent
205,Naveen-ul-Haq,Afghanistan,"Punjab Cricket Association IS Bindra Stadium, Mohali",0,0,N/A,N/A,1,31,26,7.15,3,8.666666667,Excellent
205,Naveen-ul-Haq,Afghanistan,"Rajiv Gandhi International Stadium, Hyderabad",0,0,N/A,N/A,1,37,12,18.5,0,N/A,Bad
205,Naveen-ul-Haq,Afghanistan,"Sawai Mansingh Stadium, Jaipur",0,0,N/A,N/A,2,61,53,6.91,2,26.5,Excellent
205,Naveen-ul-Haq,Afghanistan,"Wankhede Stadium, Mumbai",0,0,N/A,N/A,1,50,26,11.54,2,13,Good
207,Noor Ahmad,Afghanistan,"Arun Jaitley Stadium, Delhi",0,0,N/A,N/A,1,36,19,11.37,1,19,Average
207,Noor Ahmad,Afghanistan,"Eden Gardens, Kolkata",0,0,N/A,N/A,1,21,25,5.04,2,12.5,Excellent
207,Noor Ahmad,Afghanistan,"M.Chinnaswamy Stadium, Bengaluru",0,0,N/A,N/A,2,64,50,7.68,4,12.5,Good
207,Noor Ahmad,Afghanistan,Maharaja Yadavindra Singh International Cricket St (Mullanpur),0,0,N/A,N/A,1,20,24,5,2,12,Excellent
207,Noor Ahmad,Afghanistan,"Sawai Mansingh Stadium, Jaipur",0,0,N/A,N/A,2,68,46,8.87,2,23,Average
208,OC McCoy,West Indies,"Brabourne Stadium, Mumbai",0,0,N/A,N/A,3,97,80,7.28,6,13.33333333,Good
208,OC McCoy,West Indies,"Eden Gardens, Kolkata",0,0,N/A,N/A,1,40,28,8.57,1,28,Average
208,OC McCoy,West Indies,"Sawai Mansingh Stadium, Jaipur",0,0,N/A,N/A,1,13,7,11.14,0,N/A,Bad
208,OC McCoy,West Indies,"Wankhede Stadium, Mumbai",0,0,N/A,N/A,1,56,21,16,1,21,Poor
214,PH Solanki,India,"Brabourne Stadium, Mumbai",0,0,N/A,N/A,1,21,12,10.5,2,6,Excellent
214,PH Solanki,India,"Wankhede Stadium, Mumbai",0,0,N/A,N/A,1,18,24,4.5,0,N/A,Excellent
215,PJ Cummins,Australia,"M.Chinnaswamy Stadium, Bengaluru",0,0,N/A,N/A,1,43,25,10.32,3,8.333333333,Excellent
216,PJ Sangwan,India,"Brabourne Stadium, Mumbai",0,0,N/A,N/A,2,43,44,5.86,3,14.66666667,Excellent
219,PP Chawla,India,"Bharat Ratna Shri Atal Bihari Vajpayee Ekana Cricket Stadium, Lucknow",0,0,N/A,N/A,2,49,36,8.17,1,36,Average
219,PP Chawla,India,"M.Chinnaswamy Stadium, Bengaluru",0,0,N/A,N/A,1,26,24,6.5,0,N/A,Excellent
219,PP Chawla,India,"Punjab Cricket Association IS Bindra Stadium, Mohali",0,0,N/A,N/A,1,29,24,7.25,2,12,Excellent
219,PP Chawla,India,"Rajiv Gandhi International Stadium, Hyderabad",0,0,N/A,N/A,2,77,36,12.83,3,12,Excellent
222,PWH de Silva,Sri Lanka,"Arun Jaitley Stadium, Delhi",0,0,N/A,N/A,1,32,24,8,0,N/A,Average
222,PWH de Silva,Sri Lanka,"Eden Gardens, Kolkata",0,0,N/A,N/A,1,42,24,10.5,1,24,Poor
222,PWH de Silva,Sri Lanka,"Punjab Cricket Association IS Bindra Stadium, Mohali",0,0,N/A,N/A,1,39,24,9.75,2,12,Excellent
224,R Ashwin,India,"Bharat Ratna Shri Atal Bihari Vajpayee Ekana Cricket Stadium, Lucknow",0,0,N/A,N/A,1,40,26,9.23,1,26,Poor
225,R Dhawan,India,"Arun Jaitley Stadium, Delhi",0,0,N/A,N/A,1,10,6,10,0,N/A,Bad
225,R Dhawan,India,"Rajiv Gandhi International Stadium, Hyderabad",0,0,N/A,N/A,1,39,19,12.32,0,N/A,Bad
226,R Goyal,India,"MA Chidambaram Stadium, Chennai",0,0,N/A,N/A,1,34,24,8.5,0,N/A,Average
230,R Sai Kishore,India,"Eden Gardens, Kolkata",0,0,N/A,N/A,1,43,25,10.32,1,25,Bad
230,R Sai Kishore,India,"MA Chidambaram Stadium, Chennai",0,0,N/A,N/A,1,28,20,8.4,1,20,Average
230,R Sai Kishore,India,Maharaja Yadavindra Singh International Cricket St (Mullanpur),0,0,N/A,N/A,1,33,25,7.92,4,6.25,Excellent
230,R Sai Kishore,India,"Maharashtra Cricket Association Stadium, Pune",0,0,N/A,N/A,1,7,12,3.5,2,6,Excellent
230,R Sai Kishore,India,"Narendra Modi Stadium, Ahmedabad",0,0,N/A,N/A,3,74,54,8.22,4,13.5,Good
230,R Sai Kishore,India,"Wankhede Stadium, Mumbai",0,0,N/A,N/A,2,52,49,6.37,1,49,Excellent
237,RD Chahar,India,"Arun Jaitley Stadium, Delhi",0,0,N/A,N/A,1,17,25,4.08,2,12.5,Excellent
237,RD Chahar,India,"Barsapara Cricket Stadium, Guwahati",0,0,N/A,N/A,2,57,48,7.12,2,24,Good
237,RD Chahar,India,"Bharat Ratna Shri Atal Bihari Vajpayee Ekana Cricket Stadium, Lucknow",0,0,N/A,N/A,2,70,37,11.35,1,37,Bad
237,RD Chahar,India,"Eden Gardens, Kolkata",0,0,N/A,N/A,2,57,49,6.98,3,16.33333333,Excellent
237,RD Chahar,India,"M.Chinnaswamy Stadium, Bengaluru",0,0,N/A,N/A,1,16,6,16,0,N/A,Bad
237,RD Chahar,India,"MA Chidambaram Stadium, Chennai",0,0,N/A,N/A,2,51,48,6.38,3,16,Excellent
237,RD Chahar,India,Maharaja Yadavindra Singh International Cricket St (Mullanpur),0,0,N/A,N/A,1,33,24,8.25,1,24,Average
240,RJ Gleeson,England,"MA Chidambaram Stadium, Chennai",0,0,N/A,N/A,1,31,25,7.44,1,25,Good
241,RJW Topley,England,"Sawai Mansingh Stadium, Jaipur",0,0,N/A,N/A,1,27,25,6.48,2,12.5,Excellent
241,RJW Topley,England,"Wankhede Stadium, Mumbai",0,0,N/A,N/A,1,34,19,10.74,0,N/A,Bad
245,RP Meredith,Australia,"Arun Jaitley Stadium, Delhi",0,0,N/A,N/A,1,35,23,9.13,2,11.5,Excellent
245,RP Meredith,Australia,"Brabourne Stadium, Mumbai",0,0,N/A,N/A,1,34,25,8.16,1,25,Average
245,RP Meredith,Australia,"Rajiv Gandhi International Stadium, Hyderabad",0,0,N/A,N/A,1,34,27,7.56,2,13.5,Good
245,RP Meredith,Australia,"Wankhede Stadium, Mumbai",0,0,N/A,N/A,6,213,133,9.61,8,16.625,Poor
248,RS Hangargekar,India,"MA Chidambaram Stadium, Chennai",0,0,N/A,N/A,1,24,15,9.6,0,N/A,Poor
248,RS Hangargekar,India,"Narendra Modi Stadium, Ahmedabad",0,0,N/A,N/A,1,36,28,7.71,3,9.333333333,Excellent
253,Rashid Khan,Afghanistan,"Eden Gardens, Kolkata",0,0,N/A,N/A,2,69,49,8.45,0,N/A,Average
253,Rashid Khan,Afghanistan,"Punjab Cricket Association IS Bindra Stadium, Mohali",0,0,N/A,N/A,1,27,24,6.75,1,24,Excellent
254,Rasikh Salam,India,"Maharashtra Cricket Association Stadium, Pune",0,0,N/A,N/A,1,18,18,6,0,N/A,Excellent
255,Ravi Bishnoi,India,"Brabourne Stadium, Mumbai",0,0,N/A,N/A,3,93,74,7.54,6,12.33333333,Good
255,Ravi Bishnoi,India,"Maharashtra Cricket Association Stadium, Pune",0,0,N/A,N/A,2,71,45,9.47,2,22.5,Poor
255,Ravi Bishnoi,India,"Punjab Cricket Association IS Bindra Stadium, Mohali",0,0,N/A,N/A,1,42,25,10.08,2,12.5,Bad
255,Ravi Bishnoi,India,"Rajiv Gandhi International Stadium, Hyderabad",0,0,N/A,N/A,2,57,24,14.25,0,N/A,Bad
255,Ravi Bishnoi,India,"Sawai Mansingh Stadium, Jaipur",0,0,N/A,N/A,2,65,49,7.96,2,24.5,Good
255,Ravi Bishnoi,India,"Wankhede Stadium, Mumbai",0,0,N/A,N/A,5,156,120,7.8,4,30,Good
258,S Gopal,India,Maharaja Yadavindra Singh International Cricket St (Mullanpur),0,0,N/A,N/A,1,26,12,13,1,12,Excellent
258,S Gopal,India,"Wankhede Stadium, Mumbai",0,0,N/A,N/A,2,41,30,8.2,2,15,Good
259,S Joseph,West Indies,"Eden Gardens, Kolkata",0,0,N/A,N/A,1,51,30,10.2,0,N/A,Bad
260,S Kaul,India,"Wankhede Stadium, Mumbai",0,0,N/A,N/A,1,43,24,10.75,0,N/A,Bad
262,S Sandeep Warrier,India,"Arun Jaitley Stadium, Delhi",0,0,N/A,N/A,1,15,19,4.74,3,6.333333333,Excellent
262,S Sandeep Warrier,India,Maharaja Yadavindra Singh International Cricket St (Mullanpur),0,0,N/A,N/A,1,21,7,18,0,N/A,Bad
262,S Sandeep Warrier,India,"Narendra Modi Stadium, Ahmedabad",0,0,N/A,N/A,3,86,44,11.73,3,14.66666667,Good
268,SH Johnson,Australia,"Sawai Mansingh Stadium, Jaipur",0,0,N/A,N/A,1,37,24,9.25,0,N/A,Poor
272,SN Thakur,India,"MA Chidambaram Stadium, Chennai",0,0,N/A,N/A,6,191,131,8.75,3,43.66666667,Average
280,SSB Magala,South Africa,"MA Chidambaram Stadium, Chennai",0,0,N/A,N/A,1,14,13,6.46,0,N/A,Excellent
280,SSB Magala,South Africa,"Wankhede Stadium, Mumbai",0,0,N/A,N/A,1,38,24,9.5,1,24,Poor
283,SZ Mulani,India,"Rajiv Gandhi International Stadium, Hyderabad",0,0,N/A,N/A,1,33,14,14.14,0,N/A,Bad
286,Sandeep Sharma,India,"Arun Jaitley Stadium, Delhi",0,0,N/A,N/A,1,42,24,10.5,3,8,Excellent
286,Sandeep Sharma,India,"Barsapara Cricket Stadium, Guwahati",0,0,N/A,N/A,2,48,49,5.88,1,49,Excellent
286,Sandeep Sharma,India,"Bharat Ratna Shri Atal Bihari Vajpayee Ekana Cricket Stadium, Lucknow",0,0,N/A,N/A,1,31,25,7.44,2,12.5,Good
286,Sandeep Sharma,India,"Dr DY Patil Sports Academy, Mumbai",0,0,N/A,N/A,2,55,49,6.73,1,49,Excellent
286,Sandeep Sharma,India,"Eden Gardens, Kolkata",0,0,N/A,N/A,1,34,24,8.5,1,24,Average
286,Sandeep Sharma,India,Himachal Pradesh Cricket Association Stadium (Dharamsala),0,0,N/A,N/A,1,46,27,10.22,0,N/A,Bad
286,Sandeep Sharma,India,"M.Chinnaswamy Stadium, Bengaluru",0,0,N/A,N/A,1,49,25,11.76,4,6.25,Excellent
286,Sandeep Sharma,India,"MA Chidambaram Stadium, Chennai",0,0,N/A,N/A,3,87,64,8.16,3,21.33333333,Average
286,Sandeep Sharma,India,"Maharashtra Cricket Association Stadium, Pune",0,0,N/A,N/A,1,18,26,4.15,1,26,Excellent
286,Sandeep Sharma,India,"Narendra Modi Stadium, Ahmedabad",0,0,N/A,N/A,2,73,49,8.94,4,12.25,Average
286,Sandeep Sharma,India,"Rajiv Gandhi International Stadium, Hyderabad",0,0,N/A,N/A,1,31,26,7.15,1,26,Good
286,Sandeep Sharma,India,"Wankhede Stadium, Mumbai",0,0,N/A,N/A,3,118,77,9.19,2,38.5,Poor
292,Shivam Mavi,India,"Wankhede Stadium, Mumbai",0,0,N/A,N/A,3,107,66,9.73,2,33,Poor
296,Simarjeet Singh,India,"Dr DY Patil Sports Academy, Mumbai",0,0,N/A,N/A,1,27,25,6.48,2,12.5,Excellent
296,Simarjeet Singh,India,Himachal Pradesh Cricket Association Stadium (Dharamsala),0,0,N/A,N/A,1,17,18,5.67,2,9,Excellent
296,Simarjeet Singh,India,"M.Chinnaswamy Stadium, Bengaluru",0,0,N/A,N/A,1,19,8,14.25,0,N/A,Bad
296,Simarjeet Singh,India,"MA Chidambaram Stadium, Chennai",0,0,N/A,N/A,1,26,28,5.57,3,9.333333333,Excellent
296,Simarjeet Singh,India,"Narendra Modi Stadium, Ahmedabad",0,0,N/A,N/A,1,60,26,13.85,1,26,Bad
298,Suyash Sharma,India,"Eden Gardens, Kolkata",0,0,N/A,N/A,9,260,171,9.12,5,34.2,Poor
298,Suyash Sharma,India,"M.Chinnaswamy Stadium, Bengaluru",0,0,N/A,N/A,1,30,25,7.2,3,8.333333333,Excellent
298,Suyash Sharma,India,"MA Chidambaram Stadium, Chennai",0,0,N/A,N/A,1,29,19,9.16,0,N/A,Poor
298,Suyash Sharma,India,"Narendra Modi Stadium, Ahmedabad",0,0,N/A,N/A,1,35,25,8.4,1,25,Average
298,Suyash Sharma,India,"Wankhede Stadium, Mumbai",0,0,N/A,N/A,1,27,24,6.75,2,12,Excellent
299,Swapnil Singh,India,"Bharat Ratna Shri Atal Bihari Vajpayee Ekana Cricket Stadium, Lucknow",0,0,N/A,N/A,1,11,6,11,0,N/A,Bad
301,T Natarajan,India,"Arun Jaitley Stadium, Delhi",0,0,N/A,N/A,2,53,49,6.49,5,9.8,Excellent
301,T Natarajan,India,"Bharat Ratna Shri Atal Bihari Vajpayee Ekana Cricket Stadium, Lucknow",0,0,N/A,N/A,1,24,19,7.58,0,N/A,Good
301,T Natarajan,India,"Brabourne Stadium, Mumbai",0,0,N/A,N/A,2,47,43,6.56,6,7.166666667,Excellent
301,T Natarajan,India,"Dr DY Patil Sports Academy, Mumbai",0,0,N/A,N/A,4,129,102,7.59,8,12.75,Good
301,T Natarajan,India,"Eden Gardens, Kolkata",0,0,N/A,N/A,2,86,52,9.92,4,13,Good
301,T Natarajan,India,"M.Chinnaswamy Stadium, Bengaluru",0,0,N/A,N/A,1,48,28,10.29,1,28,Bad
301,T Natarajan,India,"MA Chidambaram Stadium, Chennai",0,0,N/A,N/A,3,86,60,8.6,2,30,Average
301,T Natarajan,India,Maharaja Yadavindra Singh International Cricket St (Mullanpur),0,0,N/A,N/A,1,33,24,8.25,1,24,Average
301,T Natarajan,India,"Maharashtra Cricket Association Stadium, Pune",0,0,N/A,N/A,3,131,76,10.34,5,15.2,Good
301,T Natarajan,India,"Narendra Modi Stadium, Ahmedabad",0,0,N/A,N/A,2,57,43,7.95,2,21.5,Good
301,T Natarajan,India,"Rajiv Gandhi International Stadium, Hyderabad",0,0,N/A,N/A,12,430,288,8.96,18,16,Good
301,T Natarajan,India,"Sawai Mansingh Stadium, Jaipur",0,0,N/A,N/A,1,37,25,8.88,0,N/A,Average
301,T Natarajan,India,"Wankhede Stadium, Mumbai",0,0,N/A,N/A,3,134,71,11.32,1,71,Bad
303,T Stubbs,South Africa,"Narendra Modi Stadium, Ahmedabad",0,0,N/A,N/A,1,11,7,9.43,2,3.5,Excellent
304,TA Boult,New Zealand,"Bharat Ratna Shri Atal Bihari Vajpayee Ekana Cricket Stadium, Lucknow",0,0,N/A,N/A,1,41,26,9.46,1,26,Poor
304,TA Boult,New Zealand,"M.Chinnaswamy Stadium, Bengaluru",0,0,N/A,N/A,1,41,25,9.84,2,12.5,Poor
304,TA Boult,New Zealand,Maharaja Yadavindra Singh International Cricket St (Mullanpur),0,0,N/A,N/A,1,22,26,5.08,1,26,Excellent
304,TA Boult,New Zealand,"Rajiv Gandhi International Stadium, Hyderabad",0,0,N/A,N/A,2,54,49,6.61,2,24.5,Excellent
305,TG Southee,New Zealand,"Eden Gardens, Kolkata",0,0,N/A,N/A,1,25,12,12.5,0,N/A,Bad
305,TG Southee,New Zealand,"Punjab Cricket Association IS Bindra Stadium, Mohali",0,0,N/A,N/A,1,54,24,13.5,2,12,Excellent
310,TS Mills,England,"Dr DY Patil Sports Academy, Mumbai",0,0,N/A,N/A,1,35,24,8.75,3,8,Excellent
311,TU Deshpande,India,"Arun Jaitley Stadium, Delhi",0,0,N/A,N/A,1,28,25,6.72,1,25,Excellent
311,TU Deshpande,India,"Bharat Ratna Shri Atal Bihari Vajpayee Ekana Cricket Stadium, Lucknow",0,0,N/A,N/A,2,44,35,7.54,0,N/A,Good
311,TU Deshpande,India,"Brabourne Stadium, Mumbai",0,0,N/A,N/A,1,44,25,10.56,1,25,Bad
311,TU Deshpande,India,Dr YS Rajasekhara Reddy Cricket Stadium (Visakhapatnam),0,0,N/A,N/A,1,24,26,5.54,0,N/A,Excellent
311,TU Deshpande,India,"Eden Gardens, Kolkata",0,0,N/A,N/A,1,44,28,9.43,2,14,Good
311,TU Deshpande,India,"M.Chinnaswamy Stadium, Bengaluru",0,0,N/A,N/A,2,98,55,10.69,4,13.75,Good
311,TU Deshpande,India,"Narendra Modi Stadium, Ahmedabad",0,0,N/A,N/A,3,141,72,11.75,3,24,Poor
311,TU Deshpande,India,"Rajiv Gandhi International Stadium, Hyderabad",0,0,N/A,N/A,1,23,12,11.5,0,N/A,Bad
311,TU Deshpande,India,"Sawai Mansingh Stadium, Jaipur",0,0,N/A,N/A,1,42,24,10.5,2,12,Excellent
311,TU Deshpande,India,"Wankhede Stadium, Mumbai",0,0,N/A,N/A,3,84,61,8.26,3,20.33333333,Average
314,UT Yadav,India,"M.Chinnaswamy Stadium, Bengaluru",0,0,N/A,N/A,1,19,6,19,0,N/A,Bad
314,UT Yadav,India,"Maharashtra Cricket Association Stadium, Pune",0,0,N/A,N/A,2,45,48,5.62,2,24,Excellent
314,UT Yadav,India,"Punjab Cricket Association IS Bindra Stadium, Mohali",0,0,N/A,N/A,1,27,24,6.75,1,24,Excellent
314,UT Yadav,India,"Sawai Mansingh Stadium, Jaipur",0,0,N/A,N/A,1,47,26,10.85,1,26,Bad
315,Umran Malik,India,"Arun Jaitley Stadium, Delhi",0,0,N/A,N/A,1,22,6,22,0,N/A,Bad
315,Umran Malik,India,"Bharat Ratna Shri Atal Bihari Vajpayee Ekana Cricket Stadium, Lucknow",0,0,N/A,N/A,1,22,14,9.43,1,14,Good
315,Umran Malik,India,"Brabourne Stadium, Mumbai",0,0,N/A,N/A,3,95,76,7.5,3,25.33333333,Good
315,Umran Malik,India,"Eden Gardens, Kolkata",0,0,N/A,N/A,1,36,12,18,1,12,Excellent
315,Umran Malik,India,"MA Chidambaram Stadium, Chennai",0,0,N/A,N/A,1,18,18,6,1,18,Excellent
316,V Kaverappa,India,Himachal Pradesh Cricket Association Stadium (Dharamsala),0,0,N/A,N/A,1,36,24,9,2,12,Excellent
319,V Viyaskanth,Sri Lanka,"Rajiv Gandhi International Stadium, Hyderabad",0,0,N/A,N/A,2,68,48,8.5,1,48,Average
320,VG Arora,India,"Bharat Ratna Shri Atal Bihari Vajpayee Ekana Cricket Stadium, Lucknow",0,0,N/A,N/A,1,21,13,9.69,0,N/A,Poor
320,VG Arora,India,Dr YS Rajasekhara Reddy Cricket Stadium (Visakhapatnam),0,0,N/A,N/A,1,27,27,6,3,9,Excellent
320,VG Arora,India,"M.Chinnaswamy Stadium, Bengaluru",0,0,N/A,N/A,1,24,13,11.08,0,N/A,Bad
320,VG Arora,India,"Maharashtra Cricket Association Stadium, Pune",0,0,N/A,N/A,1,43,26,9.92,2,13,Good
320,VG Arora,India,"Narendra Modi Stadium, Ahmedabad",0,0,N/A,N/A,1,17,15,6.8,1,15,Excellent
320,VG Arora,India,"Wankhede Stadium, Mumbai",0,0,N/A,N/A,1,35,20,10.5,0,N/A,Bad
321,VR Aaron,India,"Maharashtra Cricket Association Stadium, Pune",0,0,N/A,N/A,1,8,6,8,0,N/A,Average
321,VR Aaron,India,"Wankhede Stadium, Mumbai",0,0,N/A,N/A,1,45,27,10,2,13.5,Good
323,Vijaykumar Vyshak,India,"Punjab Cricket Association IS Bindra Stadium, Mohali",0,0,N/A,N/A,1,29,19,9.16,2,9.5,Excellent
326,Vivrant Sharma,India,"Sawai Mansingh Stadium, Jaipur",0,0,N/A,N/A,1,18,13,8.31,0,N/A,Average
327,WD Parnell,South Africa,"Punjab Cricket Association IS Bindra Stadium, Mohali",0,0,N/A,N/A,1,32,18,10.67,1,18,Average
327,WD Parnell,South Africa,"Rajiv Gandhi International Stadium, Hyderabad",0,0,N/A,N/A,1,35,24,8.75,0,N/A,Average
327,WD Parnell,South Africa,"Sawai Mansingh Stadium, Jaipur",0,0,N/A,N/A,1,11,19,3.47,3,6.333333333,Excellent
330,Washington Sundar,India,"Arun Jaitley Stadium, Delhi",0,0,N/A,N/A,1,46,12,23,1,12,Excellent
330,Washington Sundar,India,"Eden Gardens, Kolkata",0,0,N/A,N/A,1,20,12,10,0,N/A,Bad
332,YS Chahal,India,"Arun Jaitley Stadium, Delhi",0,0,N/A,N/A,1,48,24,12,1,24,Poor
332,YS Chahal,India,"Barsapara Cricket Stadium, Guwahati",0,0,N/A,N/A,3,109,76,8.61,6,12.66666667,Average
332,YS Chahal,India,"Bharat Ratna Shri Atal Bihari Vajpayee Ekana Cricket Stadium, Lucknow",0,0,N/A,N/A,1,41,25,9.84,0,N/A,Poor
332,YS Chahal,India,"Brabourne Stadium, Mumbai",0,0,N/A,N/A,3,108,78,8.31,8,9.75,Excellent
332,YS Chahal,India,"Eden Gardens, Kolkata",0,0,N/A,N/A,3,111,73,9.12,5,14.6,Good
332,YS Chahal,India,Himachal Pradesh Cricket Association Stadium (Dharamsala),0,0,N/A,N/A,1,40,25,9.6,0,N/A,Poor
332,YS Chahal,India,"M.Chinnaswamy Stadium, Bengaluru",0,0,N/A,N/A,1,28,26,6.46,2,13,Excellent
332,YS Chahal,India,"MA Chidambaram Stadium, Chennai",0,0,N/A,N/A,3,83,76,6.55,3,25.33333333,Excellent
332,YS Chahal,India,Maharaja Yadavindra Singh International Cricket St (Mullanpur),0,0,N/A,N/A,1,32,27,7.11,2,13.5,Good
332,YS Chahal,India,"Maharashtra Cricket Association Stadium, Pune",0,0,N/A,N/A,2,48,49,5.88,4,12.25,Excellent
332,YS Chahal,India,"Narendra Modi Stadium, Ahmedabad",0,0,N/A,N/A,4,144,101,8.55,3,33.66666667,Average
332,YS Chahal,India,"Rajiv Gandhi International Stadium, Hyderabad",0,0,N/A,N/A,2,79,49,9.67,4,12.25,Poor
332,YS Chahal,India,"Sawai Mansingh Stadium, Jaipur",0,0,N/A,N/A,10,320,220,8.73,13,16.92307692,Average
332,YS Chahal,India,"Wankhede Stadium, Mumbai",0,0,N/A,N/A,7,191,169,6.78,14,12.07142857,Excellent
334,Yash Dayal,India,"Arun Jaitley Stadium, Delhi",0,0,N/A,N/A,1,12,6,12,0,N/A,Bad
334,Yash Dayal,India,"Eden Gardens, Kolkata",0,0,N/A,N/A,2,107,55,11.67,5,11,Excellent
334,Yash Dayal,India,Himachal Pradesh Cricket Association Stadium (Dharamsala),0,0,N/A,N/A,1,22,13,10.15,0,N/A,Bad
334,Yash Dayal,India,"M.Chinnaswamy Stadium, Bengaluru",0,0,N/A,N/A,8,273,196,8.36,12,16.33333333,Average
334,Yash Dayal,India,"MA Chidambaram Stadium, Chennai",0,0,N/A,N/A,1,28,18,9.33,1,18,Average
334,Yash Dayal,India,"Maharashtra Cricket Association Stadium, Pune",0,0,N/A,N/A,2,64,38,10.11,3,12.66666667,Bad
334,Yash Dayal,India,"Narendra Modi Stadium, Ahmedabad",0,0,N/A,N/A,6,204,122,10.03,2,61,Bad
334,Yash Dayal,India,"Rajiv Gandhi International Stadium, Hyderabad",0,0,N/A,N/A,1,18,21,5.14,1,21,Excellent
334,Yash Dayal,India,"Sawai Mansingh Stadium, Jaipur",0,0,N/A,N/A,1,37,24,9.25,1,24,Poor
334,Yash Dayal,India,"Wankhede Stadium, Mumbai",0,0,N/A,N/A,3,86,71,7.27,1,71,Good
335,Yash Thakur,India,"Bharat Ratna Shri Atal Bihari Vajpayee Ekana Cricket Stadium, Lucknow",0,0,N/A,N/A,8,281,188,8.97,13,14.46153846,Good
335,Yash Thakur,India,"Eden Gardens, Kolkata",0,0,N/A,N/A,2,59,34,10.41,3,11.33333333,Excellent
335,Yash Thakur,India,"M.Chinnaswamy Stadium, Bengaluru",0,0,N/A,N/A,1,39,24,9.75,2,12,Excellent
335,Yash Thakur,India,"MA Chidambaram Stadium, Chennai",0,0,N/A,N/A,3,119,76,9.39,4,19,Average
335,Yash Thakur,India,"Narendra Modi Stadium, Ahmedabad",0,0,N/A,N/A,1,48,25,11.52,0,N/A,Bad
335,Yash Thakur,India,"Punjab Cricket Association IS Bindra Stadium, Mohali",0,0,N/A,N/A,1,38,24,9.5,4,6,Excellent
335,Yash Thakur,India,"Rajiv Gandhi International Stadium, Hyderabad",0,0,N/A,N/A,2,75,41,10.98,1,41,Bad
335,Yash Thakur,India,"Sawai Mansingh Stadium, Jaipur",0,0,N/A,N/A,1,43,20,12.9,0,N/A,Bad
336,Yudhvir Singh,India,"Rajiv Gandhi International Stadium, Hyderabad",0,0,N/A,N/A,1,26,19,8.21,1,19,Average
1,A Badoni,India,"Arun Jaitley Stadium, Delhi",1,6,6,Bad,0,0,0,N/A,0,N/A,N/A
1,A Badoni,India,"Narendra Modi Stadium, Ahmedabad",1,21,21,Average,0,0,0,N/A,0,N/A,N/A
1,A Badoni,India,"Punjab Cricket Association IS Bindra Stadium, Mohali",1,43,43,Excellent,1,0,1,0,0,N/A,Excellent
1,A Badoni,India,"Rajiv Gandhi International Stadium, Hyderabad",1,55,55,Excellent,1,19,6,19,0,N/A,Bad
2,A Kamboj,India,"Eden Gardens, Kolkata",1,2,2,Bad,1,24,19,7.58,1,19,Good
3,A Manohar,India,"Bharat Ratna Shri Atal Bihari Vajpayee Ekana Cricket Stadium, Lucknow",1,3,3,Bad,0,0,0,N/A,0,N/A,N/A
3,A Manohar,India,"Sawai Mansingh Stadium, Jaipur",1,1,1,Bad,0,0,0,N/A,0,N/A,N/A
4,A Mishra,India,"Bharat Ratna Shri Atal Bihari Vajpayee Ekana Cricket Stadium, Lucknow",1,19,19,Poor,4,74,66,6.73,6,11,Excellent
5,A Nortje,South Africa,"Barsapara Cricket Stadium, Guwahati",1,0,0,Bad,1,44,24,11,0,N/A,Bad
5,A Nortje,South Africa,"Dr DY Patil Sports Academy, Mumbai",1,1,1,Bad,4,145,92,9.46,6,15.33333333,Good
5,A Nortje,South Africa,Dr YS Rajasekhara Reddy Cricket Stadium (Visakhapatnam),1,4,4,Bad,2,104,51,12.24,3,17,Bad
5,A Nortje,South Africa,"M.Chinnaswamy Stadium, Bengaluru",1,23,23,Average,1,34,27,7.56,0,N/A,Good
5,A Nortje,South Africa,"Narendra Modi Stadium, Ahmedabad",1,3,3,Bad,1,39,26,9,1,26,Poor
5,A Nortje,South Africa,"Rajiv Gandhi International Stadium, Hyderabad",1,2,2,Bad,1,33,24,8.25,2,12,Excellent
6,A Raghuvanshi,India,"Bharat Ratna Shri Atal Bihari Vajpayee Ekana Cricket Stadium, Lucknow",1,32,32,Good,0,0,0,N/A,0,N/A,N/A
6,A Raghuvanshi,India,Dr YS Rajasekhara Reddy Cricket Stadium (Visakhapatnam),1,54,54,Excellent,0,0,0,N/A,0,N/A,N/A
6,A Raghuvanshi,India,"MA Chidambaram Stadium, Chennai",1,24,24,Average,0,0,0,N/A,0,N/A,N/A
6,A Raghuvanshi,India,"Wankhede Stadium, Mumbai",1,13,13,Poor,0,0,0,N/A,0,N/A,N/A
7,A Tomar,India,"Dr DY Patil Sports Academy, Mumbai",1,4,4,Bad,0,0,0,N/A,0,N/A,N/A
8,A Zampa,Australia,"MA Chidambaram Stadium, Chennai",1,1,1,Bad,1,43,25,10.32,1,25,Bad
11,AD Russell,West Indies,"Arun Jaitley Stadium, Delhi",1,38,38,Good,1,12,7,10.29,0,N/A,Bad
11,AD Russell,West Indies,"Bharat Ratna Shri Atal Bihari Vajpayee Ekana Cricket Stadium, Lucknow",1,12,12,Poor,1,18,15,7.2,2,7.5,Excellent
11,AD Russell,West Indies,Dr YS Rajasekhara Reddy Cricket Stadium (Visakhapatnam),1,41,41,Excellent,1,14,8,10.5,1,8,Excellent
11,AD Russell,West Indies,"M.Chinnaswamy Stadium, Bengaluru",1,1,1,Bad,2,59,49,7.22,4,12.25,Good
11,AD Russell,West Indies,"Narendra Modi Stadium, Ahmedabad",1,1,1,Bad,1,15,9,10,1,9,Excellent
11,AD Russell,West Indies,"Punjab Cricket Association IS Bindra Stadium, Mohali",1,35,35,Good,0,0,0,N/A,0,N/A,N/A
11,AD Russell,West Indies,"Rajiv Gandhi International Stadium, Hyderabad",1,24,24,Average,1,15,7,12.86,1,7,Excellent
13,AJ Finch,Australia,"Maharashtra Cricket Association Stadium, Pune",1,14,14,Poor,0,0,0,N/A,0,N/A,N/A
14,AJ Hosein,West Indies,"Arun Jaitley Stadium, Delhi",1,16,16,Poor,1,41,24,10.25,1,24,Poor
17,AK Markram,South Africa,"Bharat Ratna Shri Atal Bihari Vajpayee Ekana Cricket Stadium, Lucknow",1,0,0,Bad,1,14,12,7,0,N/A,Good
17,AK Markram,South Africa,"M.Chinnaswamy Stadium, Bengaluru",1,32,32,Good,0,0,0,N/A,0,N/A,N/A
17,AK Markram,South Africa,Maharaja Yadavindra Singh International Cricket St (Mullanpur),1,0,0,Bad,0,0,0,N/A,0,N/A,N/A
17,AK Markram,South Africa,"Sawai Mansingh Stadium, Jaipur",1,6,6,Bad,0,0,0,N/A,0,N/A,N/A
18,AM Rahane,India,"Bharat Ratna Shri Atal Bihari Vajpayee Ekana Cricket Stadium, Lucknow",1,36,36,Good,0,0,0,N/A,0,N/A,N/A
18,AM Rahane,India,"Brabourne Stadium, Mumbai",1,8,8,Bad,0,0,0,N/A,0,N/A,N/A
18,AM Rahane,India,Dr YS Rajasekhara Reddy Cricket Stadium (Visakhapatnam),1,45,45,Excellent,0,0,0,N/A,0,N/A,N/A
18,AM Rahane,India,"Eden Gardens, Kolkata",1,71,71,Excellent,0,0,0,N/A,0,N/A,N/A
18,AM Rahane,India,Himachal Pradesh Cricket Association Stadium (Dharamsala),1,9,9,Bad,0,0,0,N/A,0,N/A,N/A
18,AM Rahane,India,"Rajiv Gandhi International Stadium, Hyderabad",1,35,35,Good,0,0,0,N/A,0,N/A,N/A
18,AM Rahane,India,"Sawai Mansingh Stadium, Jaipur",1,15,15,Poor,0,0,0,N/A,0,N/A,N/A
19,AR Patel,India,"Barsapara Cricket Stadium, Guwahati",1,2,2,Bad,1,38,24,9.5,0,N/A,Poor
19,AR Patel,India,"Bharat Ratna Shri Atal Bihari Vajpayee Ekana Cricket Stadium, Lucknow",1,16,16,Poor,2,65,48,8.12,1,48,Average
19,AR Patel,India,"Eden Gardens, Kolkata",1,15,15,Poor,1,25,24,6.25,2,12,Excellent
19,AR Patel,India,"MA Chidambaram Stadium, Chennai",1,21,21,Average,1,27,24,6.75,2,12,Excellent
19,AR Patel,India,Maharaja Yadavindra Singh International Cricket St (Mullanpur),1,21,21,Average,1,26,24,6.5,0,N/A,Excellent
19,AR Patel,India,"Maharashtra Cricket Association Stadium, Pune",1,8,8,Bad,1,37,24,9.25,0,N/A,Poor
19,AR Patel,India,"Narendra Modi Stadium, Ahmedabad",1,27,27,Average,2,41,50,4.92,1,50,Excellent
19,AR Patel,India,"Rajiv Gandhi International Stadium, Hyderabad",1,34,34,Good,1,21,24,5.25,2,12,Excellent
19,AR Patel,India,"Sawai Mansingh Stadium, Jaipur",1,15,15,Poor,1,21,24,5.25,1,24,Excellent
20,AS Joseph,West Indies,"Maharashtra Cricket Association Stadium, Pune",1,0,0,Bad,2,48,37,7.78,2,18.5,Good
20,AS Joseph,West Indies,"Wankhede Stadium, Mumbai",1,7,7,Bad,3,103,67,9.22,3,22.33333333,Poor
21,AS Roy,India,"Arun Jaitley Stadium, Delhi",1,0,0,Bad,1,19,26,4.38,2,13,Excellent
21,AS Roy,India,"Eden Gardens, Kolkata",1,6,6,Bad,2,56,18,18.67,1,18,Average
21,AS Roy,India,"MA Chidambaram Stadium, Chennai",1,3,3,Bad,1,18,10,10.8,0,N/A,Bad
21,AS Roy,India,"Maharashtra Cricket Association Stadium, Pune",1,0,0,Bad,1,27,18,9,0,N/A,Poor
21,AS Roy,India,"Punjab Cricket Association IS Bindra Stadium, Mohali",1,4,4,Bad,0,0,0,N/A,0,N/A,N/A
21,AS Roy,India,"Rajiv Gandhi International Stadium, Hyderabad",1,13,13,Poor,1,26,19,8.21,1,19,Average
22,AT Rayudu,India,"M.Chinnaswamy Stadium, Bengaluru",1,14,14,Poor,0,0,0,N/A,0,N/A,N/A
22,AT Rayudu,India,"Sawai Mansingh Stadium, Jaipur",1,0,0,Bad,0,0,0,N/A,0,N/A,N/A
23,AU Rashid,England,"Bharat Ratna Shri Atal Bihari Vajpayee Ekana Cricket Stadium, Lucknow",1,4,4,Bad,1,23,18,7.67,2,9,Excellent
23,AU Rashid,England,"Rajiv Gandhi International Stadium, Hyderabad",1,18,18,Poor,1,33,24,8.25,0,N/A,Average
24,Abdul Basith,India,"M.Chinnaswamy Stadium, Bengaluru",1,1,1,Bad,0,0,0,N/A,0,N/A,N/A
25,Abdul Samad,India,"Bharat Ratna Shri Atal Bihari Vajpayee Ekana Cricket Stadium, Lucknow",1,21,21,Average,0,0,0,N/A,0,N/A,N/A
25,Abdul Samad,India,"Dr DY Patil Sports Academy, Mumbai",1,0,0,Bad,1,8,6,8,0,N/A,Average
25,Abdul Samad,India,"Eden Gardens, Kolkata",1,15,15,Poor,0,0,0,N/A,0,N/A,N/A
25,Abdul Samad,India,"M.Chinnaswamy Stadium, Bengaluru",1,37,37,Good,0,0,0,N/A,0,N/A,N/A
25,Abdul Samad,India,Maharaja Yadavindra Singh International Cricket St (Mullanpur),1,25,25,Average,0,0,0,N/A,0,N/A,N/A
25,Abdul Samad,India,"Maharashtra Cricket Association Stadium, Pune",1,4,4,Bad,0,0,0,N/A,0,N/A,N/A
25,Abdul Samad,India,"Sawai Mansingh Stadium, Jaipur",1,17,17,Poor,0,0,0,N/A,0,N/A,N/A
25,Abdul Samad,India,"Wankhede Stadium, Mumbai",1,3,3,Bad,0,0,0,N/A,0,N/A,N/A
26,Abhishek Sharma,India,"M.Chinnaswamy Stadium, Bengaluru",1,34,34,Good,1,10,6,10,0,N/A,Bad
26,Abhishek Sharma,India,Maharaja Yadavindra Singh International Cricket St (Mullanpur),1,16,16,Poor,0,0,0,N/A,0,N/A,N/A
26,Abhishek Sharma,India,"Sawai Mansingh Stadium, Jaipur",1,55,55,Excellent,1,16,12,8,0,N/A,Average
27,Abishek Porel,India,"Barsapara Cricket Stadium, Guwahati",1,7,7,Bad,0,0,0,N/A,0,N/A,N/A
27,Abishek Porel,India,"Eden Gardens, Kolkata",1,18,18,Poor,0,0,0,N/A,0,N/A,N/A
27,Abishek Porel,India,Maharaja Yadavindra Singh International Cricket St (Mullanpur),1,32,32,Good,0,0,0,N/A,0,N/A,N/A
27,Abishek Porel,India,"Narendra Modi Stadium, Ahmedabad",1,15,15,Poor,0,0,0,N/A,0,N/A,N/A
27,Abishek Porel,India,"Sawai Mansingh Stadium, Jaipur",1,9,9,Bad,0,0,0,N/A,0,N/A,N/A
27,Abishek Porel,India,"Wankhede Stadium, Mumbai",1,41,41,Excellent,0,0,0,N/A,0,N/A,N/A
28,Akash Deep,India,"Dr DY Patil Sports Academy, Mumbai",1,0,0,Bad,3,142,70,12.17,4,17.5,Average
28,Akash Deep,India,"Eden Gardens, Kolkata",1,17,17,Poor,1,34,15,13.6,0,N/A,Bad
28,Akash Deep,India,"Wankhede Stadium, Mumbai",1,2,2,Bad,2,99,48,12.38,1,48,Bad
29,Akash Madhwal,India,"Wankhede Stadium, Mumbai",1,4,4,Bad,7,253,157,9.67,11,14.27272727,Good
31,Aman Hakim Khan,India,"Bharat Ratna Shri Atal Bihari Vajpayee Ekana Cricket Stadium, Lucknow",1,4,4,Bad,0,0,0,N/A,0,N/A,N/A
31,Aman Hakim Khan,India,"Brabourne Stadium, Mumbai",1,5,5,Bad,1,13,6,13,0,N/A,Bad
31,Aman Hakim Khan,India,"M.Chinnaswamy Stadium, Bengaluru",1,18,18,Poor,0,0,0,N/A,0,N/A,N/A
31,Aman Hakim Khan,India,"MA Chidambaram Stadium, Chennai",1,2,2,Bad,0,0,0,N/A,0,N/A,N/A
31,Aman Hakim Khan,India,"Narendra Modi Stadium, Ahmedabad",1,51,51,Excellent,0,0,0,N/A,0,N/A,N/A
31,Aman Hakim Khan,India,"Rajiv Gandhi International Stadium, Hyderabad",1,4,4,Bad,0,0,0,N/A,0,N/A,N/A
32,Anmolpreet Singh,India,"Bharat Ratna Shri Atal Bihari Vajpayee Ekana Cricket Stadium, Lucknow",1,31,31,Good,0,0,0,N/A,0,N/A,N/A
32,Anmolpreet Singh,India,"Brabourne Stadium, Mumbai",1,8,8,Bad,0,0,0,N/A,0,N/A,N/A
32,Anmolpreet Singh,India,"Dr DY Patil Sports Academy, Mumbai",1,5,5,Bad,0,0,0,N/A,0,N/A,N/A
32,Anmolpreet Singh,India,"MA Chidambaram Stadium, Chennai",1,0,0,Bad,0,0,0,N/A,0,N/A,N/A
32,Anmolpreet Singh,India,"Narendra Modi Stadium, Ahmedabad",1,5,5,Bad,0,0,0,N/A,0,N/A,N/A
32,Anmolpreet Singh,India,"Sawai Mansingh Stadium, Jaipur",1,33,33,Good,0,0,0,N/A,0,N/A,N/A
33,Anuj Rawat,India,"Arun Jaitley Stadium, Delhi",1,8,8,Bad,0,0,0,N/A,0,N/A,N/A
33,Anuj Rawat,India,"Bharat Ratna Shri Atal Bihari Vajpayee Ekana Cricket Stadium, Lucknow",1,9,9,Bad,0,0,0,N/A,0,N/A,N/A
33,Anuj Rawat,India,"Brabourne Stadium, Mumbai",1,0,0,Bad,0,0,0,N/A,0,N/A,N/A
33,Anuj Rawat,India,"Eden Gardens, Kolkata",1,1,1,Bad,0,0,0,N/A,0,N/A,N/A
33,Anuj Rawat,India,"MA Chidambaram Stadium, Chennai",1,48,48,Excellent,0,0,0,N/A,0,N/A,N/A
33,Anuj Rawat,India,"Maharashtra Cricket Association Stadium, Pune",1,66,66,Excellent,0,0,0,N/A,0,N/A,N/A
33,Anuj Rawat,India,"Sawai Mansingh Stadium, Jaipur",1,29,29,Average,0,0,0,N/A,0,N/A,N/A
34,Arjun Tendulkar,India,"Narendra Modi Stadium, Ahmedabad",1,13,13,Poor,1,9,12,4.5,1,12,Excellent
35,Arshad Khan,India,"Arun Jaitley Stadium, Delhi",1,58,58,Excellent,2,57,30,11.4,1,30,Bad
35,Arshad Khan,India,"Bharat Ratna Shri Atal Bihari Vajpayee Ekana Cricket Stadium, Lucknow",1,20,20,Average,1,34,19,10.74,0,N/A,Bad
35,Arshad Khan,India,"M.Chinnaswamy Stadium, Bengaluru",1,15,15,Poor,1,29,18,9.67,1,18,Average
35,Arshad Khan,India,"MA Chidambaram Stadium, Chennai",1,1,1,Bad,1,28,10,16.8,0,N/A,Bad
36,Arshad Khan (2),India,"Eden Gardens, Kolkata",1,5,5,Bad,1,25,13,11.54,0,N/A,Bad
37,Arshdeep Singh,India,Himachal Pradesh Cricket Association Stadium (Dharamsala),1,4,4,Bad,4,146,86,10.19,4,21.5,Poor
37,Arshdeep Singh,India,"Maharashtra Cricket Association Stadium, Pune",1,0,0,Bad,2,56,49,6.86,2,24.5,Excellent
37,Arshdeep Singh,India,"Punjab Cricket Association IS Bindra Stadium, Mohali",1,2,2,Bad,5,208,118,10.58,7,16.85714286,Bad
37,Arshdeep Singh,India,"Wankhede Stadium, Mumbai",1,0,0,Bad,5,140,118,7.12,7,16.85714286,Good
38,Ashutosh Sharma,India,"Barsapara Cricket Stadium, Guwahati",1,17,17,Poor,0,0,0,N/A,0,N/A,N/A
38,Ashutosh Sharma,India,"Narendra Modi Stadium, Ahmedabad",1,31,31,Good,0,0,0,N/A,0,N/A,N/A
38,Ashutosh Sharma,India,"Rajiv Gandhi International Stadium, Hyderabad",1,2,2,Bad,0,0,0,N/A,0,N/A,N/A
39,Atharva Taide,India,"Bharat Ratna Shri Atal Bihari Vajpayee Ekana Cricket Stadium, Lucknow",1,0,0,Bad,0,0,0,N/A,0,N/A,N/A
39,Atharva Taide,India,"MA Chidambaram Stadium, Chennai",1,13,13,Poor,0,0,0,N/A,0,N/A,N/A
39,Atharva Taide,India,Maharaja Yadavindra Singh International Cricket St (Mullanpur),1,15,15,Poor,0,0,0,N/A,0,N/A,N/A
39,Atharva Taide,India,"Rajiv Gandhi International Stadium, Hyderabad",1,46,46,Excellent,1,4,1,24,0,N/A,Bad
39,Atharva Taide,India,"Wankhede Stadium, Mumbai",1,29,29,Average,0,0,0,N/A,0,N/A,N/A
40,Avesh Khan,India,"Arun Jaitley Stadium, Delhi",1,7,7,Bad,1,42,12,21,0,N/A,Bad
40,Avesh Khan,India,"Barsapara Cricket Stadium, Guwahati",1,3,3,Bad,1,28,23,7.3,2,11.5,Excellent
40,Avesh Khan,India,"Brabourne Stadium, Mumbai",1,1,1,Bad,3,93,67,8.33,6,11.16666667,Excellent
40,Avesh Khan,India,"M.Chinnaswamy Stadium, Bengaluru",1,0,0,Bad,1,55,24,13.75,0,N/A,Bad
40,Avesh Khan,India,"Wankhede Stadium, Mumbai",1,7,7,Bad,3,96,72,8,4,18,Average
41,Azmatullah Omarzai,Afghanistan,"Arun Jaitley Stadium, Delhi",1,1,1,Bad,1,34,24,8.5,0,N/A,Average
41,Azmatullah Omarzai,Afghanistan,"MA Chidambaram Stadium, Chennai",1,11,11,Poor,1,31,19,9.79,0,N/A,Poor
41,Azmatullah Omarzai,Afghanistan,Maharaja Yadavindra Singh International Cricket St (Mullanpur),1,13,13,Poor,1,13,12,6.5,0,N/A,Excellent
41,Azmatullah Omarzai,Afghanistan,"Narendra Modi Stadium, Ahmedabad",1,17,17,Poor,4,116,76,9.16,4,19,Average
42,B Indrajith,India,"Maharashtra Cricket Association Stadium, Pune",1,0,0,Bad,0,0,0,N/A,0,N/A,N/A
43,B Kumar,India,"Brabourne Stadium, Mumbai",1,5,5,Bad,3,73,62,7.06,3,20.66666667,Good
43,B Kumar,India,"Dr DY Patil Sports Academy, Mumbai",1,1,1,Bad,4,122,104,7.04,6,17.33333333,Good
43,B Kumar,India,Maharaja Yadavindra Singh International Cricket St (Mullanpur),1,6,6,Bad,1,33,26,7.62,2,13,Good
44,B Sai Sudharsan,India,"Bharat Ratna Shri Atal Bihari Vajpayee Ekana Cricket Stadium, Lucknow",1,31,31,Good,0,0,0,N/A,0,N/A,N/A
44,B Sai Sudharsan,India,"M.Chinnaswamy Stadium, Bengaluru",1,6,6,Bad,0,0,0,N/A,0,N/A,N/A
44,B Sai Sudharsan,India,"MA Chidambaram Stadium, Chennai",1,37,37,Good,0,0,0,N/A,0,N/A,N/A
44,B Sai Sudharsan,India,Maharaja Yadavindra Singh International Cricket St (Mullanpur),1,31,31,Good,0,0,0,N/A,0,N/A,N/A
44,B Sai Sudharsan,India,"Punjab Cricket Association IS Bindra Stadium, Mohali",1,19,19,Poor,0,0,0,N/A,0,N/A,N/A
44,B Sai Sudharsan,India,"Sawai Mansingh Stadium, Jaipur",1,35,35,Good,0,0,0,N/A,0,N/A,N/A
45,BA Stokes,England,"MA Chidambaram Stadium, Chennai",1,8,8,Bad,1,18,6,18,0,N/A,Bad
45,BA Stokes,England,"Narendra Modi Stadium, Ahmedabad",1,7,7,Bad,0,0,0,N/A,0,N/A,N/A
46,BR Sharath,India,"Bharat Ratna Shri Atal Bihari Vajpayee Ekana Cricket Stadium, Lucknow",1,2,2,Bad,0,0,0,N/A,0,N/A,N/A
48,C Green,Australia,"Arun Jaitley Stadium, Delhi",1,17,17,Poor,1,30,19,9.47,0,N/A,Poor
48,C Green,Australia,"Bharat Ratna Shri Atal Bihari Vajpayee Ekana Cricket Stadium, Lucknow",1,4,4,Bad,1,17,12,8.5,1,12,Excellent
48,C Green,Australia,"Eden Gardens, Kolkata",1,6,6,Bad,1,36,26,8.31,2,13,Good
48,C Green,Australia,Himachal Pradesh Cricket Association Stadium (Dharamsala),1,46,46,Excellent,1,16,6,16,0,N/A,Bad
48,C Green,Australia,"Punjab Cricket Association IS Bindra Stadium, Mohali",1,23,23,Average,1,15,12,7.5,0,N/A,Good
48,C Green,Australia,"Sawai Mansingh Stadium, Jaipur",1,5,5,Bad,1,27,20,8.1,0,N/A,Average
49,C Sakariya,India,"Arun Jaitley Stadium, Delhi",1,0,0,Bad,1,36,28,7.71,1,28,Good
49,C Sakariya,India,"Bharat Ratna Shri Atal Bihari Vajpayee Ekana Cricket Stadium, Lucknow",1,4,4,Bad,1,53,27,11.78,2,13.5,Good
53,CJ Jordan,England,"Brabourne Stadium, Mumbai",1,5,5,Bad,1,23,25,5.52,3,8.333333333,Excellent
53,CJ Jordan,England,"Dr DY Patil Sports Academy, Mumbai",1,6,6,Bad,2,54,31,10.45,0,N/A,Bad
53,CJ Jordan,England,"MA Chidambaram Stadium, Chennai",1,4,4,Bad,1,7,12,3.5,1,12,Excellent
53,CJ Jordan,England,"Narendra Modi Stadium, Ahmedabad",1,2,2,Bad,1,56,28,12,0,N/A,Bad
55,CV Varun,India,"Arun Jaitley Stadium, Delhi",1,1,1,Bad,1,17,24,4.25,2,12,Excellent
55,CV Varun,India,"Dr DY Patil Sports Academy, Mumbai",1,10,10,Poor,4,121,88,8.25,2,44,Average
55,CV Varun,India,"Eden Gardens, Kolkata",1,0,0,Bad,14,486,329,8.86,20,16.45,Average
56,D Brevis,South Africa,"Brabourne Stadium, Mumbai",1,31,31,Good,0,0,0,N/A,0,N/A,N/A
56,D Brevis,South Africa,"Dr DY Patil Sports Academy, Mumbai",1,4,4,Bad,0,0,0,N/A,0,N/A,N/A
56,D Brevis,South Africa,"Narendra Modi Stadium, Ahmedabad",1,46,46,Excellent,0,0,0,N/A,0,N/A,N/A
57,D Ferreira,South Africa,"Arun Jaitley Stadium, Delhi",1,1,1,Bad,0,0,0,N/A,0,N/A,N/A
57,D Ferreira,South Africa,"Barsapara Cricket Stadium, Guwahati",1,7,7,Bad,0,0,0,N/A,0,N/A,N/A
59,D Padikkal,India,"Barsapara Cricket Stadium, Guwahati",1,21,21,Average,0,0,0,N/A,0,N/A,N/A
59,D Padikkal,India,"Eden Gardens, Kolkata",1,28,28,Average,0,0,0,N/A,0,N/A,N/A
59,D Padikkal,India,Himachal Pradesh Cricket Association Stadium (Dharamsala),1,51,51,Excellent,0,0,0,N/A,0,N/A,N/A
59,D Padikkal,India,"Rajiv Gandhi International Stadium, Hyderabad",1,2,2,Bad,0,0,0,N/A,0,N/A,N/A
60,D Pretorius,South Africa,"Dr DY Patil Sports Academy, Mumbai",1,22,22,Average,1,17,12,8.5,0,N/A,Average
60,D Pretorius,South Africa,"Maharashtra Cricket Association Stadium, Pune",1,13,13,Poor,2,83,45,11.07,3,15,Good
60,D Pretorius,South Africa,"Wankhede Stadium, Mumbai",1,1,1,Bad,2,79,54,8.78,0,N/A,Average
61,D Wiese,Namibia,"M.Chinnaswamy Stadium, Bengaluru",1,12,12,Poor,0,0,0,N/A,0,N/A,N/A
62,DA Miller,South Africa,"Bharat Ratna Shri Atal Bihari Vajpayee Ekana Cricket Stadium, Lucknow",1,6,6,Bad,0,0,0,N/A,0,N/A,N/A
62,DA Miller,South Africa,Maharaja Yadavindra Singh International Cricket St (Mullanpur),1,4,4,Bad,0,0,0,N/A,0,N/A,N/A
62,DA Miller,South Africa,"Punjab Cricket Association IS Bindra Stadium, Mohali",1,17,17,Poor,0,0,0,N/A,0,N/A,N/A
63,DA Warner,Australia,"Barsapara Cricket Stadium, Guwahati",1,65,65,Excellent,0,0,0,N/A,0,N/A,N/A
63,DA Warner,Australia,Himachal Pradesh Cricket Association Stadium (Dharamsala),1,46,46,Excellent,0,0,0,N/A,0,N/A,N/A
63,DA Warner,Australia,"MA Chidambaram Stadium, Chennai",1,0,0,Bad,0,0,0,N/A,0,N/A,N/A
63,DA Warner,Australia,Maharaja Yadavindra Singh International Cricket St (Mullanpur),1,29,29,Average,0,0,0,N/A,0,N/A,N/A
63,DA Warner,Australia,"Narendra Modi Stadium, Ahmedabad",1,2,2,Bad,0,0,0,N/A,0,N/A,N/A
63,DA Warner,Australia,"Rajiv Gandhi International Stadium, Hyderabad",1,21,21,Average,0,0,0,N/A,0,N/A,N/A
63,DA Warner,Australia,"Sawai Mansingh Stadium, Jaipur",1,49,49,Excellent,0,0,0,N/A,0,N/A,N/A
64,DG Nalkande,India,"Bharat Ratna Shri Atal Bihari Vajpayee Ekana Cricket Stadium, Lucknow",1,12,12,Poor,1,21,12,10.5,2,6,Excellent
64,DG Nalkande,India,"MA Chidambaram Stadium, Chennai",1,0,0,Bad,1,45,25,10.8,1,25,Bad
65,DJ Bravo,West Indies,"Wankhede Stadium, Mumbai",1,12,12,Poor,3,78,65,7.2,6,10.83333333,Excellent
66,DJ Hooda,India,"Arun Jaitley Stadium, Delhi",1,0,0,Bad,1,9,7,7.71,0,N/A,Good
66,DJ Hooda,India,"M.Chinnaswamy Stadium, Bengaluru",1,9,9,Bad,0,0,0,N/A,0,N/A,N/A
66,DJ Hooda,India,"Narendra Modi Stadium, Ahmedabad",1,11,11,Poor,0,0,0,N/A,0,N/A,N/A
66,DJ Hooda,India,"Punjab Cricket Association IS Bindra Stadium, Mohali",1,11,11,Poor,0,0,0,N/A,0,N/A,N/A
68,DJ Mitchell,New Zealand,"Dr DY Patil Sports Academy, Mumbai",1,17,17,Poor,1,20,6,20,0,N/A,Bad
68,DJ Mitchell,New Zealand,Dr YS Rajasekhara Reddy Cricket Stadium (Visakhapatnam),1,34,34,Good,0,0,0,N/A,0,N/A,N/A
68,DJ Mitchell,New Zealand,Himachal Pradesh Cricket Association Stadium (Dharamsala),1,30,30,Good,0,0,0,N/A,0,N/A,N/A
68,DJ Mitchell,New Zealand,"M.Chinnaswamy Stadium, Bengaluru",1,4,4,Bad,0,0,0,N/A,0,N/A,N/A
68,DJ Mitchell,New Zealand,"Maharashtra Cricket Association Stadium, Pune",1,16,16,Poor,1,7,7,6,0,N/A,Excellent
68,DJ Mitchell,New Zealand,"Narendra Modi Stadium, Ahmedabad",1,63,63,Excellent,1,52,25,12.48,0,N/A,Bad
68,DJ Mitchell,New Zealand,"Rajiv Gandhi International Stadium, Hyderabad",1,13,13,Poor,0,0,0,N/A,0,N/A,N/A
68,DJ Mitchell,New Zealand,"Wankhede Stadium, Mumbai",1,17,17,Poor,0,0,0,N/A,0,N/A,N/A
69,DJ Willey,England,"Dr DY Patil Sports Academy, Mumbai",1,18,18,Poor,2,36,30,7.2,0,N/A,Good
69,DJ Willey,England,"Eden Gardens, Kolkata",1,20,20,Average,1,16,25,3.84,2,12.5,Excellent
69,DJ Willey,England,"Wankhede Stadium, Mumbai",1,0,0,Bad,1,31,24,7.75,1,24,Good
70,DL Chahar,India,"MA Chidambaram Stadium, Chennai",1,1,1,Bad,10,260,198,7.88,13,15.23076923,Good
71,DP Conway,New Zealand,"Arun Jaitley Stadium, Delhi",1,87,87,Excellent,0,0,0,N/A,0,N/A,N/A
71,DP Conway,New Zealand,"Brabourne Stadium, Mumbai",1,16,16,Poor,0,0,0,N/A,0,N/A,N/A
71,DP Conway,New Zealand,"Dr DY Patil Sports Academy, Mumbai",1,87,87,Excellent,0,0,0,N/A,0,N/A,N/A
71,DP Conway,New Zealand,"Eden Gardens, Kolkata",1,56,56,Excellent,0,0,0,N/A,0,N/A,N/A
71,DP Conway,New Zealand,"M.Chinnaswamy Stadium, Bengaluru",1,83,83,Excellent,0,0,0,N/A,0,N/A,N/A
71,DP Conway,New Zealand,"Sawai Mansingh Stadium, Jaipur",1,8,8,Bad,0,0,0,N/A,0,N/A,N/A
75,Dhruv Jurel,India,"Bharat Ratna Shri Atal Bihari Vajpayee Ekana Cricket Stadium, Lucknow",1,52,52,Excellent,0,0,0,N/A,0,N/A,N/A
75,Dhruv Jurel,India,"Eden Gardens, Kolkata",1,2,2,Bad,0,0,0,N/A,0,N/A,N/A
75,Dhruv Jurel,India,Himachal Pradesh Cricket Association Stadium (Dharamsala),1,10,10,Poor,0,0,0,N/A,0,N/A,N/A
75,Dhruv Jurel,India,"M.Chinnaswamy Stadium, Bengaluru",1,34,34,Good,0,0,0,N/A,0,N/A,N/A
75,Dhruv Jurel,India,Maharaja Yadavindra Singh International Cricket St (Mullanpur),1,6,6,Bad,0,0,0,N/A,0,N/A,N/A
75,Dhruv Jurel,India,"Rajiv Gandhi International Stadium, Hyderabad",1,1,1,Bad,0,0,0,N/A,0,N/A,N/A
75,Dhruv Jurel,India,"Wankhede Stadium, Mumbai",1,2,2,Bad,0,0,0,N/A,0,N/A,N/A
76,E Lewis,West Indies,"Brabourne Stadium, Mumbai",1,55,55,Excellent,0,0,0,N/A,0,N/A,N/A
76,E Lewis,West Indies,"Eden Gardens, Kolkata",1,2,2,Bad,0,0,0,N/A,0,N/A,N/A
76,E Lewis,West Indies,"Wankhede Stadium, Mumbai",1,10,10,Poor,0,0,0,N/A,0,N/A,N/A
78,F du Plessis,South Africa,"Arun Jaitley Stadium, Delhi",1,45,45,Excellent,0,0,0,N/A,0,N/A,N/A
78,F du Plessis,South Africa,"Bharat Ratna Shri Atal Bihari Vajpayee Ekana Cricket Stadium, Lucknow",1,44,44,Excellent,0,0,0,N/A,0,N/A,N/A
78,F du Plessis,South Africa,Himachal Pradesh Cricket Association Stadium (Dharamsala),1,9,9,Bad,0,0,0,N/A,0,N/A,N/A
78,F du Plessis,South Africa,"MA Chidambaram Stadium, Chennai",1,35,35,Good,0,0,0,N/A,0,N/A,N/A
78,F du Plessis,South Africa,"Punjab Cricket Association IS Bindra Stadium, Mohali",1,84,84,Excellent,0,0,0,N/A,0,N/A,N/A
79,FA Allen,West Indies,"Brabourne Stadium, Mumbai",1,8,8,Bad,1,46,24,11.5,1,24,Poor
80,Fazalhaq Farooqi,Afghanistan,"Narendra Modi Stadium, Ahmedabad",1,1,1,Bad,1,31,19,9.79,1,19,Average
80,Fazalhaq Farooqi,Afghanistan,"Wankhede Stadium, Mumbai",1,2,2,Bad,3,110,76,8.68,2,38,Average
81,G Coetzee,South Africa,"Bharat Ratna Shri Atal Bihari Vajpayee Ekana Cricket Stadium, Lucknow",1,1,1,Bad,1,33,21,9.43,1,21,Poor
81,G Coetzee,South Africa,"Narendra Modi Stadium, Ahmedabad",1,1,1,Bad,1,29,24,7.25,2,12,Excellent
81,G Coetzee,South Africa,"Sawai Mansingh Stadium, Jaipur",1,0,0,Bad,1,25,15,10,0,N/A,Bad
82,GD Phillips,New Zealand,"Sawai Mansingh Stadium, Jaipur",1,25,25,Average,0,0,0,N/A,0,N/A,N/A
82,GD Phillips,New Zealand,"Wankhede Stadium, Mumbai",1,1,1,Bad,0,0,0,N/A,0,N/A,N/A
84,GJ Maxwell,Australia,"Arun Jaitley Stadium, Delhi",1,0,0,Bad,1,15,10,9,0,N/A,Poor
84,GJ Maxwell,Australia,"Bharat Ratna Shri Atal Bihari Vajpayee Ekana Cricket Stadium, Lucknow",1,4,4,Bad,1,3,6,3,1,6,Excellent
84,GJ Maxwell,Australia,"MA Chidambaram Stadium, Chennai",1,0,0,Bad,1,7,6,7,0,N/A,Good
84,GJ Maxwell,Australia,"Punjab Cricket Association IS Bindra Stadium, Mohali",1,0,0,Bad,1,5,6,5,0,N/A,Excellent
84,GJ Maxwell,Australia,"Rajiv Gandhi International Stadium, Hyderabad",1,5,5,Bad,0,0,0,N/A,0,N/A,N/A
85,Gulbadin Naib,Afghanistan,"Arun Jaitley Stadium, Delhi",1,19,19,Poor,1,12,6,12,0,N/A,Bad
87,H Klaasen,South Africa,"M.Chinnaswamy Stadium, Bengaluru",1,67,67,Excellent,0,0,0,N/A,0,N/A,N/A
87,H Klaasen,South Africa,Maharaja Yadavindra Singh International Cricket St (Mullanpur),1,9,9,Bad,0,0,0,N/A,0,N/A,N/A
87,H Klaasen,South Africa,"Sawai Mansingh Stadium, Jaipur",1,26,26,Average,0,0,0,N/A,0,N/A,N/A
89,HC Brook,England,"Arun Jaitley Stadium, Delhi",1,0,0,Bad,0,0,0,N/A,0,N/A,N/A
89,HC Brook,England,"Bharat Ratna Shri Atal Bihari Vajpayee Ekana Cricket Stadium, Lucknow",1,3,3,Bad,0,0,0,N/A,0,N/A,N/A
89,HC Brook,England,"Eden Gardens, Kolkata",1,100,100,Excellent,0,0,0,N/A,0,N/A,N/A
89,HC Brook,England,"MA Chidambaram Stadium, Chennai",1,18,18,Poor,0,0,0,N/A,0,N/A,N/A
89,HC Brook,England,"Wankhede Stadium, Mumbai",1,0,0,Bad,0,0,0,N/A,0,N/A,N/A
90,HE van der Dussen,South Africa,"Wankhede Stadium, Mumbai",1,4,4,Bad,0,0,0,N/A,0,N/A,N/A
91,HH Pandya,India,"MA Chidambaram Stadium, Chennai",1,8,8,Bad,0,0,0,N/A,0,N/A,N/A
91,HH Pandya,India,Maharaja Yadavindra Singh International Cricket St (Mullanpur),1,10,10,Poor,1,33,27,7.33,1,27,Good
91,HH Pandya,India,"Punjab Cricket Association IS Bindra Stadium, Mohali",1,8,8,Bad,0,0,0,N/A,0,N/A,N/A
91,HH Pandya,India,"Rajiv Gandhi International Stadium, Hyderabad",1,24,24,Average,1,46,24,11.5,1,24,Poor
92,HR Shokeen,India,"Dr DY Patil Sports Academy, Mumbai",1,25,25,Average,2,71,43,9.91,2,21.5,Poor
92,HR Shokeen,India,"M.Chinnaswamy Stadium, Bengaluru",1,5,5,Bad,1,17,6,17,0,N/A,Bad
92,HR Shokeen,India,"MA Chidambaram Stadium, Chennai",1,0,0,Bad,1,18,7,15.43,0,N/A,Bad
93,HV Patel,India,"Eden Gardens, Kolkata",1,0,0,Bad,3,113,66,10.27,4,16.5,Bad
93,HV Patel,India,"M.Chinnaswamy Stadium, Bengaluru",1,6,6,Bad,8,316,204,9.29,10,20.4,Poor
93,HV Patel,India,"Maharashtra Cricket Association Stadium, Pune",1,8,8,Bad,3,97,72,8.08,6,12,Excellent
93,HV Patel,India,"Narendra Modi Stadium, Ahmedabad",1,1,1,Bad,2,73,46,9.52,1,46,Poor
93,HV Patel,India,"Wankhede Stadium, Mumbai",1,9,9,Bad,5,132,101,7.84,3,33.66666667,Good
95,Harpreet Brar,India,"Arun Jaitley Stadium, Delhi",1,2,2,Bad,1,30,25,7.2,4,6.25,Excellent
95,Harpreet Brar,India,"Bharat Ratna Shri Atal Bihari Vajpayee Ekana Cricket Stadium, Lucknow",1,6,6,Bad,2,24,24,6,1,24,Excellent
95,Harpreet Brar,India,"Brabourne Stadium, Mumbai",1,7,7,Bad,1,34,26,7.85,1,26,Good
95,Harpreet Brar,India,"Dr DY Patil Sports Academy, Mumbai",1,1,1,Bad,2,68,37,11.03,0,N/A,Bad
95,Harpreet Brar,India,"Eden Gardens, Kolkata",1,17,17,Poor,2,25,18,8.33,1,18,Average
95,Harpreet Brar,India,"M.Chinnaswamy Stadium, Bengaluru",1,2,2,Bad,1,17,24,4.25,2,12,Excellent
95,Harpreet Brar,India,"Narendra Modi Stadium, Ahmedabad",1,1,1,Bad,1,33,24,8.25,1,24,Average
95,Harpreet Brar,India,"Rajiv Gandhi International Stadium, Hyderabad",1,1,1,Bad,2,63,38,9.95,1,38,Poor
96,Harpreet Singh,India,"Bharat Ratna Shri Atal Bihari Vajpayee Ekana Cricket Stadium, Lucknow",1,22,22,Average,0,0,0,N/A,0,N/A,N/A
96,Harpreet Singh,India,"Punjab Cricket Association IS Bindra Stadium, Mohali",1,13,13,Poor,0,0,0,N/A,0,N/A,N/A
96,Harpreet Singh,India,"Wankhede Stadium, Mumbai",1,41,41,Excellent,0,0,0,N/A,0,N/A,N/A
97,Harshit Rana,India,"Maharashtra Cricket Association Stadium, Pune",1,2,2,Bad,1,28,12,14,0,N/A,Bad
97,Harshit Rana,India,"Rajiv Gandhi International Stadium, Hyderabad",1,0,0,Bad,1,29,26,6.69,1,26,Excellent
97,Harshit Rana,India,"Wankhede Stadium, Mumbai",1,0,0,Bad,1,24,19,7.58,1,19,Good
98,I Sharma,India,Dr YS Rajasekhara Reddy Cricket Stadium (Visakhapatnam),1,1,1,Bad,2,67,38,10.58,2,19,Bad
98,I Sharma,India,"M.Chinnaswamy Stadium, Bengaluru",1,0,0,Bad,1,31,21,8.86,1,21,Average
98,I Sharma,India,"Rajiv Gandhi International Stadium, Hyderabad",1,1,1,Bad,1,18,18,6,1,18,Excellent
101,Ishan Kishan,India,"Eden Gardens, Kolkata",1,40,40,Excellent,0,0,0,N/A,0,N/A,N/A
101,Ishan Kishan,India,"M.Chinnaswamy Stadium, Bengaluru",1,10,10,Poor,0,0,0,N/A,0,N/A,N/A
101,Ishan Kishan,India,Maharaja Yadavindra Singh International Cricket St (Mullanpur),1,8,8,Bad,0,0,0,N/A,0,N/A,N/A
101,Ishan Kishan,India,"Punjab Cricket Association IS Bindra Stadium, Mohali",1,75,75,Excellent,0,0,0,N/A,0,N/A,N/A
101,Ishan Kishan,India,"Sawai Mansingh Stadium, Jaipur",1,0,0,Bad,0,0,0,N/A,0,N/A,N/A
102,J Fraser-McGurk,Australia,"Bharat Ratna Shri Atal Bihari Vajpayee Ekana Cricket Stadium, Lucknow",1,55,55,Excellent,0,0,0,N/A,0,N/A,N/A
102,J Fraser-McGurk,Australia,"Eden Gardens, Kolkata",1,12,12,Poor,0,0,0,N/A,0,N/A,N/A
102,J Fraser-McGurk,Australia,"M.Chinnaswamy Stadium, Bengaluru",1,21,21,Average,0,0,0,N/A,0,N/A,N/A
102,J Fraser-McGurk,Australia,"Narendra Modi Stadium, Ahmedabad",1,20,20,Average,0,0,0,N/A,0,N/A,N/A
106,JA Richardson,Australia,"Wankhede Stadium, Mumbai",1,2,2,Bad,1,40,25,9.6,0,N/A,Poor
107,JC Archer,England,"MA Chidambaram Stadium, Chennai",1,3,3,Bad,1,25,25,6,0,N/A,Excellent
107,JC Archer,England,"Wankhede Stadium, Mumbai",1,1,1,Bad,2,84,53,9.51,2,26.5,Poor
108,JC Buttler,England,"Arun Jaitley Stadium, Delhi",1,19,19,Poor,0,0,0,N/A,0,N/A,N/A
108,JC Buttler,England,"Bharat Ratna Shri Atal Bihari Vajpayee Ekana Cricket Stadium, Lucknow",1,34,34,Good,0,0,0,N/A,0,N/A,N/A
108,JC Buttler,England,Himachal Pradesh Cricket Association Stadium (Dharamsala),1,0,0,Bad,0,0,0,N/A,0,N/A,N/A
108,JC Buttler,England,"M.Chinnaswamy Stadium, Bengaluru",1,0,0,Bad,0,0,0,N/A,0,N/A,N/A
109,JD Unadkat,India,"Brabourne Stadium, Mumbai",1,14,14,Poor,1,32,25,7.68,2,12.5,Good
109,JD Unadkat,India,"Dr DY Patil Sports Academy, Mumbai",1,19,19,Poor,1,48,25,11.52,2,12.5,Bad
109,JD Unadkat,India,"M.Chinnaswamy Stadium, Bengaluru",1,9,9,Bad,2,64,26,14.77,1,26,Bad
109,JD Unadkat,India,Maharaja Yadavindra Singh International Cricket St (Mullanpur),1,6,6,Bad,1,49,27,10.89,1,27,Bad
109,JD Unadkat,India,"Rajiv Gandhi International Stadium, Hyderabad",1,8,8,Bad,5,150,103,8.74,6,17.16666667,Average
109,JD Unadkat,India,"Wankhede Stadium, Mumbai",1,1,1,Bad,1,36,24,9,0,N/A,Poor
110,JDS Neesham,New Zealand,"Brabourne Stadium, Mumbai",1,14,14,Poor,0,0,0,N/A,0,N/A,N/A
110,JDS Neesham,New Zealand,"Dr DY Patil Sports Academy, Mumbai",1,17,17,Poor,1,29,18,9.67,0,N/A,Poor
111,JE Root,England,"Sawai Mansingh Stadium, Jaipur",1,10,10,Poor,0,0,0,N/A,0,N/A,N/A
112,JJ Bumrah,India,"Dr DY Patil Sports Academy, Mumbai",1,0,0,Bad,4,85,99,5.15,9,11,Excellent
112,JJ Bumrah,India,"Maharashtra Cricket Association Stadium, Pune",1,0,0,Bad,3,91,68,8.03,1,68,Average
112,JJ Bumrah,India,"Narendra Modi Stadium, Ahmedabad",1,1,1,Bad,1,15,24,3.75,3,8,Excellent
112,JJ Bumrah,India,"Sawai Mansingh Stadium, Jaipur",1,2,2,Bad,1,37,26,8.54,0,N/A,Average
113,JJ Roy,England,"Arun Jaitley Stadium, Delhi",1,43,43,Excellent,0,0,0,N/A,0,N/A,N/A
113,JJ Roy,England,"M.Chinnaswamy Stadium, Bengaluru",1,56,56,Excellent,0,0,0,N/A,0,N/A,N/A
113,JJ Roy,England,"MA Chidambaram Stadium, Chennai",1,12,12,Poor,0,0,0,N/A,0,N/A,N/A
113,JJ Roy,England,"Rajiv Gandhi International Stadium, Hyderabad",1,20,20,Average,0,0,0,N/A,0,N/A,N/A
114,JM Bairstow,England,"Barsapara Cricket Stadium, Guwahati",1,14,14,Poor,0,0,0,N/A,0,N/A,N/A
114,JM Bairstow,England,"Bharat Ratna Shri Atal Bihari Vajpayee Ekana Cricket Stadium, Lucknow",1,42,42,Excellent,0,0,0,N/A,0,N/A,N/A
114,JM Bairstow,England,"Eden Gardens, Kolkata",1,108,108,Excellent,0,0,0,N/A,0,N/A,N/A
114,JM Bairstow,England,"M.Chinnaswamy Stadium, Bengaluru",1,8,8,Bad,0,0,0,N/A,0,N/A,N/A
114,JM Bairstow,England,"MA Chidambaram Stadium, Chennai",1,46,46,Excellent,0,0,0,N/A,0,N/A,N/A
114,JM Bairstow,England,"Narendra Modi Stadium, Ahmedabad",1,22,22,Average,0,0,0,N/A,0,N/A,N/A
115,JM Sharma,India,"Arun Jaitley Stadium, Delhi",1,5,5,Bad,0,0,0,N/A,0,N/A,N/A
115,JM Sharma,India,"Eden Gardens, Kolkata",1,21,21,Average,0,0,0,N/A,0,N/A,N/A
115,JM Sharma,India,"M.Chinnaswamy Stadium, Bengaluru",1,27,27,Average,0,0,0,N/A,0,N/A,N/A
115,JM Sharma,India,"MA Chidambaram Stadium, Chennai",1,21,21,Average,0,0,0,N/A,0,N/A,N/A
115,JM Sharma,India,"Narendra Modi Stadium, Ahmedabad",1,16,16,Poor,0,0,0,N/A,0,N/A,N/A
116,JO Holder,West Indies,"Barsapara Cricket Stadium, Guwahati",1,1,1,Bad,2,58,43,8.09,2,21.5,Average
116,JO Holder,West Indies,"Brabourne Stadium, Mumbai",1,1,1,Bad,2,50,38,7.89,2,19,Good
116,JO Holder,West Indies,"MA Chidambaram Stadium, Chennai",1,0,0,Bad,1,38,19,12,0,N/A,Bad
118,JR Hazlewood,Australia,"Bharat Ratna Shri Atal Bihari Vajpayee Ekana Cricket Stadium, Lucknow",1,1,1,Bad,1,15,19,4.74,2,9.5,Excellent
118,JR Hazlewood,Australia,"Dr DY Patil Sports Academy, Mumbai",1,7,7,Bad,2,58,51,6.82,5,10.2,Excellent
118,JR Hazlewood,Australia,"Maharashtra Cricket Association Stadium, Pune",1,0,0,Bad,2,38,48,4.75,4,12,Excellent
118,JR Hazlewood,Australia,"Narendra Modi Stadium, Ahmedabad",1,1,1,Bad,1,23,24,5.75,2,12,Excellent
120,K Gowtham,India,"Eden Gardens, Kolkata",1,11,11,Poor,1,26,26,6,1,26,Excellent
120,K Gowtham,India,"Wankhede Stadium, Mumbai",1,0,0,Bad,2,55,36,9.17,3,12,Excellent
121,K Kartikeya,India,"Dr DY Patil Sports Academy, Mumbai",1,3,3,Bad,2,51,42,7.29,3,14,Good
121,K Kartikeya,India,"Narendra Modi Stadium, Ahmedabad",1,6,6,Bad,2,55,36,9.17,1,36,Poor
123,K Rabada,South Africa,"Bharat Ratna Shri Atal Bihari Vajpayee Ekana Cricket Stadium, Lucknow",1,0,0,Bad,2,73,50,8.76,3,16.66666667,Average
123,K Rabada,South Africa,"Dr DY Patil Sports Academy, Mumbai",1,6,6,Bad,3,91,69,7.91,6,11.5,Excellent
123,K Rabada,South Africa,Himachal Pradesh Cricket Association Stadium (Dharamsala),1,11,11,Poor,3,100,63,9.52,2,31.5,Poor
123,K Rabada,South Africa,"Maharashtra Cricket Association Stadium, Pune",1,2,2,Bad,2,67,49,8.2,6,8.166666667,Excellent
123,K Rabada,South Africa,"Punjab Cricket Association IS Bindra Stadium, Mohali",1,0,0,Bad,2,98,52,11.31,3,17.33333333,Average
123,K Rabada,South Africa,"Wankhede Stadium, Mumbai",1,25,25,Average,4,136,95,8.59,5,19,Average
126,KA Maharaj,South Africa,Maharaja Yadavindra Singh International Cricket St (Mullanpur),1,1,1,Bad,1,23,24,5.75,2,12,Excellent
127,KA Pollard,West Indies,"Wankhede Stadium, Mumbai",1,19,19,Poor,1,8,12,4,2,6,Excellent
128,KD Karthik,India,"Arun Jaitley Stadium, Delhi",1,11,11,Poor,0,0,0,N/A,0,N/A,N/A
128,KD Karthik,India,"Bharat Ratna Shri Atal Bihari Vajpayee Ekana Cricket Stadium, Lucknow",1,16,16,Poor,0,0,0,N/A,0,N/A,N/A
128,KD Karthik,India,Himachal Pradesh Cricket Association Stadium (Dharamsala),1,18,18,Poor,0,0,0,N/A,0,N/A,N/A
128,KD Karthik,India,"MA Chidambaram Stadium, Chennai",1,38,38,Good,0,0,0,N/A,0,N/A,N/A
128,KD Karthik,India,"Punjab Cricket Association IS Bindra Stadium, Mohali",1,7,7,Bad,0,0,0,N/A,0,N/A,N/A
128,KD Karthik,India,"Rajiv Gandhi International Stadium, Hyderabad",1,11,11,Poor,0,0,0,N/A,0,N/A,N/A
128,KD Karthik,India,"Sawai Mansingh Stadium, Jaipur",1,0,0,Bad,0,0,0,N/A,0,N/A,N/A
129,KH Pandya,India,"Arun Jaitley Stadium, Delhi",1,18,18,Poor,1,20,13,9.23,0,N/A,Poor
129,KH Pandya,India,"M.Chinnaswamy Stadium, Bengaluru",1,0,0,Bad,2,46,30,9.2,0,N/A,Poor
129,KH Pandya,India,"Narendra Modi Stadium, Ahmedabad",1,0,0,Bad,1,38,24,9.5,0,N/A,Poor
129,KH Pandya,India,"Punjab Cricket Association IS Bindra Stadium, Mohali",1,5,5,Bad,1,13,7,11.14,0,N/A,Bad
129,KH Pandya,India,"Rajiv Gandhi International Stadium, Hyderabad",1,24,24,Average,1,24,24,6,2,12,Excellent
130,KK Ahmed,India,"Dr DY Patil Sports Academy, Mumbai",1,0,0,Bad,2,71,51,8.35,2,25.5,Average
130,KK Ahmed,India,"Maharashtra Cricket Association Stadium, Pune",1,0,0,Bad,1,34,24,8.5,2,12,Excellent
131,KK Nair,India,"Brabourne Stadium, Mumbai",1,3,3,Bad,0,0,0,N/A,0,N/A,N/A
131,KK Nair,India,"Wankhede Stadium, Mumbai",1,13,13,Poor,0,0,0,N/A,0,N/A,N/A
133,KL Rahul,India,"Arun Jaitley Stadium, Delhi",1,5,5,Bad,0,0,0,N/A,0,N/A,N/A
133,KL Rahul,India,"Punjab Cricket Association IS Bindra Stadium, Mohali",1,12,12,Poor,0,0,0,N/A,0,N/A,N/A
133,KL Rahul,India,"Rajiv Gandhi International Stadium, Hyderabad",1,29,29,Average,0,0,0,N/A,0,N/A,N/A
134,KM Asif,India,"Sawai Mansingh Stadium, Jaipur",1,0,0,Bad,1,42,25,10.08,2,12.5,Bad
135,KM Jadhav,India,"Wankhede Stadium, Mumbai",1,12,12,Poor,0,0,0,N/A,0,N/A,N/A
136,KR Mayers,West Indies,"M.Chinnaswamy Stadium, Bengaluru",1,0,0,Bad,0,0,0,N/A,0,N/A,N/A
136,KR Mayers,West Indies,"Narendra Modi Stadium, Ahmedabad",1,48,48,Excellent,1,16,7,13.71,0,N/A,Bad
136,KR Mayers,West Indies,"Punjab Cricket Association IS Bindra Stadium, Mohali",1,54,54,Excellent,1,4,6,4,0,N/A,Excellent
136,KR Mayers,West Indies,"Rajiv Gandhi International Stadium, Hyderabad",1,2,2,Bad,1,11,7,9.43,0,N/A,Poor
136,KR Mayers,West Indies,"Sawai Mansingh Stadium, Jaipur",1,51,51,Excellent,0,0,0,N/A,0,N/A,N/A
137,KR Sen,India,"Dr DY Patil Sports Academy, Mumbai",1,0,0,Bad,3,114,64,10.69,2,32,Bad
139,KS Sharma,India,"Bharat Ratna Shri Atal Bihari Vajpayee Ekana Cricket Stadium, Lucknow",1,9,9,Bad,0,0,0,N/A,0,N/A,N/A
139,KS Sharma,India,"Eden Gardens, Kolkata",1,3,3,Bad,0,0,0,N/A,0,N/A,N/A
139,KS Sharma,India,"Maharashtra Cricket Association Stadium, Pune",1,4,4,Bad,0,0,0,N/A,0,N/A,N/A
140,KS Williamson,New Zealand,"Bharat Ratna Shri Atal Bihari Vajpayee Ekana Cricket Stadium, Lucknow",1,1,1,Bad,0,0,0,N/A,0,N/A,N/A
140,KS Williamson,New Zealand,"Narendra Modi Stadium, Ahmedabad",1,26,26,Average,0,0,0,N/A,0,N/A,N/A
142,KV Sharma,India,"Bharat Ratna Shri Atal Bihari Vajpayee Ekana Cricket Stadium, Lucknow",1,2,2,Bad,1,20,24,5,2,12,Excellent
142,KV Sharma,India,"M.Chinnaswamy Stadium, Bengaluru",1,6,6,Bad,5,158,80,11.85,4,20,Average
142,KV Sharma,India,"Narendra Modi Stadium, Ahmedabad",1,5,5,Bad,2,57,33,10.36,1,33,Bad
144,Kartik Tyagi,India,"Brabourne Stadium, Mumbai",1,7,7,Bad,1,37,26,8.54,0,N/A,Average
144,Kartik Tyagi,India,"Wankhede Stadium, Mumbai",1,0,0,Bad,2,83,48,10.38,1,48,Bad
145,Kuldeep Yadav,India,"Barsapara Cricket Stadium, Guwahati",1,3,3,Bad,1,31,24,7.75,1,24,Good
145,Kuldeep Yadav,India,"Bharat Ratna Shri Atal Bihari Vajpayee Ekana Cricket Stadium, Lucknow",1,6,6,Bad,2,57,49,6.98,4,12.25,Excellent
145,Kuldeep Yadav,India,"Eden Gardens, Kolkata",1,35,35,Good,1,34,24,8.5,0,N/A,Average
145,Kuldeep Yadav,India,"MA Chidambaram Stadium, Chennai",1,0,0,Bad,1,29,27,6.44,1,27,Excellent
145,Kuldeep Yadav,India,Maharaja Yadavindra Singh International Cricket St (Mullanpur),1,1,1,Bad,1,21,24,5.25,2,12,Excellent
145,Kuldeep Yadav,India,"Maharashtra Cricket Association Stadium, Pune",1,14,14,Poor,1,32,24,8,1,24,Average
145,Kuldeep Yadav,India,"Narendra Modi Stadium, Ahmedabad",1,0,0,Bad,2,33,48,4.12,1,48,Excellent
145,Kuldeep Yadav,India,"Rajiv Gandhi International Stadium, Hyderabad",1,4,4,Bad,1,22,24,5.5,1,24,Excellent
146,Kumar Kushagra,India,"Eden Gardens, Kolkata",1,1,1,Bad,0,0,0,N/A,0,N/A,N/A
146,Kumar Kushagra,India,"M.Chinnaswamy Stadium, Bengaluru",1,2,2,Bad,0,0,0,N/A,0,N/A,N/A
146,Kumar Kushagra,India,"Wankhede Stadium, Mumbai",1,0,0,Bad,0,0,0,N/A,0,N/A,N/A
148,L Wood,England,"Arun Jaitley Stadium, Delhi",1,9,9,Bad,1,68,24,17,1,24,Poor
149,LB Williams,South Africa,"Eden Gardens, Kolkata",1,1,1,Bad,1,40,20,12,1,20,Average
150,LH Ferguson,New Zealand,"Eden Gardens, Kolkata",1,1,1,Bad,2,84,39,12.92,1,39,Bad
152,LS Livingstone,England,"Arun Jaitley Stadium, Delhi",1,4,4,Bad,0,0,0,N/A,0,N/A,N/A
152,LS Livingstone,England,"Bharat Ratna Shri Atal Bihari Vajpayee Ekana Cricket Stadium, Lucknow",1,28,28,Average,0,0,0,N/A,0,N/A,N/A
152,LS Livingstone,England,"Eden Gardens, Kolkata",1,15,15,Poor,1,27,12,13.5,0,N/A,Bad
152,LS Livingstone,England,"M.Chinnaswamy Stadium, Bengaluru",1,17,17,Poor,0,0,0,N/A,0,N/A,N/A
152,LS Livingstone,England,"MA Chidambaram Stadium, Chennai",1,40,40,Excellent,1,16,6,16,0,N/A,Bad
153,Lalit Yadav,India,"Barsapara Cricket Stadium, Guwahati",1,38,38,Good,0,0,0,N/A,0,N/A,N/A
153,Lalit Yadav,India,"Dr DY Patil Sports Academy, Mumbai",1,24,24,Average,2,29,31,5.61,1,31,Excellent
153,Lalit Yadav,India,"M.Chinnaswamy Stadium, Bengaluru",1,4,4,Bad,1,30,25,7.2,1,25,Good
153,Lalit Yadav,India,"MA Chidambaram Stadium, Chennai",1,12,12,Poor,1,35,18,11.67,1,18,Average
153,Lalit Yadav,India,"Maharashtra Cricket Association Stadium, Pune",1,25,25,Average,0,0,0,N/A,0,N/A,N/A
154,Liton Das,Bangladesh,"Arun Jaitley Stadium, Delhi",1,4,4,Bad,0,0,0,N/A,0,N/A,N/A
155,M Ashwin,India,"Brabourne Stadium, Mumbai",1,6,6,Bad,3,76,72,6.33,5,14.4,Excellent
155,M Ashwin,India,"Maharashtra Cricket Association Stadium, Pune",1,0,0,Bad,3,90,61,8.85,3,20.33333333,Average
156,M Jansen,South Africa,"Eden Gardens, Kolkata",1,1,1,Bad,2,78,49,9.55,3,16.33333333,Poor
156,M Jansen,South Africa,"MA Chidambaram Stadium, Chennai",1,17,17,Poor,1,38,18,12.67,0,N/A,Bad
156,M Jansen,South Africa,"Maharashtra Cricket Association Stadium, Pune",1,1,1,Bad,2,71,48,8.88,1,48,Average
156,M Jansen,South Africa,"Narendra Modi Stadium, Ahmedabad",1,3,3,Bad,1,39,30,7.8,1,30,Good
156,M Jansen,South Africa,"Sawai Mansingh Stadium, Jaipur",1,3,3,Bad,1,48,25,11.52,1,25,Bad
157,M Markande,India,"Narendra Modi Stadium, Ahmedabad",1,18,18,Poor,2,60,38,9.47,1,38,Poor
159,M Prasidh Krishna,India,"Dr DY Patil Sports Academy, Mumbai",1,4,4,Bad,4,121,99,7.33,4,24.75,Good
159,M Prasidh Krishna,India,"Maharashtra Cricket Association Stadium, Pune",1,2,2,Bad,2,39,51,4.59,4,12.75,Excellent
160,M Shahrukh Khan,India,"Barsapara Cricket Stadium, Guwahati",1,11,11,Poor,0,0,0,N/A,0,N/A,N/A
160,M Shahrukh Khan,India,"Bharat Ratna Shri Atal Bihari Vajpayee Ekana Cricket Stadium, Lucknow",1,23,23,Average,0,0,0,N/A,0,N/A,N/A
160,M Shahrukh Khan,India,"Eden Gardens, Kolkata",1,21,21,Average,0,0,0,N/A,0,N/A,N/A
160,M Shahrukh Khan,India,"M.Chinnaswamy Stadium, Bengaluru",1,37,37,Good,0,0,0,N/A,0,N/A,N/A
160,M Shahrukh Khan,India,"MA Chidambaram Stadium, Chennai",1,2,2,Bad,0,0,0,N/A,0,N/A,N/A
160,M Shahrukh Khan,India,Maharaja Yadavindra Singh International Cricket St (Mullanpur),1,8,8,Bad,1,7,6,7,0,N/A,Good
160,M Shahrukh Khan,India,"Maharashtra Cricket Association Stadium, Pune",1,15,15,Poor,0,0,0,N/A,0,N/A,N/A
160,M Shahrukh Khan,India,"Rajiv Gandhi International Stadium, Hyderabad",1,4,4,Bad,0,0,0,N/A,0,N/A,N/A
160,M Shahrukh Khan,India,"Sawai Mansingh Stadium, Jaipur",1,14,14,Poor,0,0,0,N/A,0,N/A,N/A
162,M Theekshana,Sri Lanka,"Maharashtra Cricket Association Stadium, Pune",1,7,7,Bad,3,82,72,6.83,5,14.4,Excellent
162,M Theekshana,Sri Lanka,"Wankhede Stadium, Mumbai",1,0,0,Bad,2,56,44,7.64,1,44,Good
163,M Vohra,India,"Bharat Ratna Shri Atal Bihari Vajpayee Ekana Cricket Stadium, Lucknow",1,10,10,Poor,0,0,0,N/A,0,N/A,N/A
163,M Vohra,India,"Eden Gardens, Kolkata",1,19,19,Poor,0,0,0,N/A,0,N/A,N/A
164,MA Agarwal,India,"Arun Jaitley Stadium, Delhi",1,5,5,Bad,0,0,0,N/A,0,N/A,N/A
164,MA Agarwal,India,"Bharat Ratna Shri Atal Bihari Vajpayee Ekana Cricket Stadium, Lucknow",1,8,8,Bad,0,0,0,N/A,0,N/A,N/A
164,MA Agarwal,India,"MA Chidambaram Stadium, Chennai",1,2,2,Bad,0,0,0,N/A,0,N/A,N/A
164,MA Agarwal,India,"Narendra Modi Stadium, Ahmedabad",1,16,16,Poor,0,0,0,N/A,0,N/A,N/A
165,MA Starc,Australia,Dr YS Rajasekhara Reddy Cricket Stadium (Visakhapatnam),1,1,1,Bad,1,29,18,9.67,2,9,Excellent
165,MA Starc,Australia,"MA Chidambaram Stadium, Chennai",1,0,0,Bad,2,43,38,6.79,2,19,Excellent
165,MA Starc,Australia,"Wankhede Stadium, Mumbai",1,0,0,Bad,1,33,24,8.25,4,6,Excellent
166,MA Wood,England,"M.Chinnaswamy Stadium, Bengaluru",1,1,1,Bad,1,37,26,8.54,1,26,Average
166,MA Wood,England,"MA Chidambaram Stadium, Chennai",1,10,10,Poor,1,55,24,13.75,3,8,Excellent
168,MD Shanaka,Sri Lanka,"M.Chinnaswamy Stadium, Bengaluru",1,0,0,Bad,0,0,0,N/A,0,N/A,N/A
168,MD Shanaka,Sri Lanka,"MA Chidambaram Stadium, Chennai",1,17,17,Poor,0,0,0,N/A,0,N/A,N/A
168,MD Shanaka,Sri Lanka,"Narendra Modi Stadium, Ahmedabad",1,9,9,Bad,0,0,0,N/A,0,N/A,N/A
169,MG Bracewell,New Zealand,"Eden Gardens, Kolkata",1,19,19,Poor,1,34,18,11.33,1,18,Average
169,MG Bracewell,New Zealand,"M.Chinnaswamy Stadium, Bengaluru",1,26,26,Average,2,32,18,10.67,1,18,Average
169,MG Bracewell,New Zealand,"Rajiv Gandhi International Stadium, Hyderabad",1,4,4,Bad,1,13,12,6.5,2,6,Excellent
169,MG Bracewell,New Zealand,"Sawai Mansingh Stadium, Jaipur",1,9,9,Bad,1,16,18,5.33,2,9,Excellent
171,MJ Santner,New Zealand,"Brabourne Stadium, Mumbai",1,1,1,Bad,1,15,18,5,1,18,Excellent
171,MJ Santner,New Zealand,"Dr DY Patil Sports Academy, Mumbai",1,11,11,Poor,1,16,18,5.33,1,18,Excellent
171,MJ Santner,New Zealand,Himachal Pradesh Cricket Association Stadium (Dharamsala),1,11,11,Poor,1,10,18,3.33,1,18,Excellent
171,MJ Santner,New Zealand,"M.Chinnaswamy Stadium, Bengaluru",1,3,3,Bad,1,23,24,5.75,2,12,Excellent
171,MJ Santner,New Zealand,"MA Chidambaram Stadium, Chennai",1,1,1,Bad,1,22,24,5.5,1,24,Excellent
172,MJ Suthar,India,"M.Chinnaswamy Stadium, Bengaluru",1,1,1,Bad,1,26,12,13,0,N/A,Bad
173,MK Lomror,India,"Arun Jaitley Stadium, Delhi",1,54,54,Excellent,1,13,6,13,0,N/A,Bad
173,MK Lomror,India,"Bharat Ratna Shri Atal Bihari Vajpayee Ekana Cricket Stadium, Lucknow",1,3,3,Bad,1,4,6,4,1,6,Excellent
173,MK Lomror,India,Himachal Pradesh Cricket Association Stadium (Dharamsala),1,0,0,Bad,0,0,0,N/A,0,N/A,N/A
173,MK Lomror,India,"Maharashtra Cricket Association Stadium, Pune",1,42,42,Excellent,0,0,0,N/A,0,N/A,N/A
173,MK Lomror,India,"Punjab Cricket Association IS Bindra Stadium, Mohali",1,7,7,Bad,0,0,0,N/A,0,N/A,N/A
173,MK Lomror,India,"Rajiv Gandhi International Stadium, Hyderabad",1,7,7,Bad,0,0,0,N/A,0,N/A,N/A
173,MK Lomror,India,"Sawai Mansingh Stadium, Jaipur",1,1,1,Bad,0,0,0,N/A,0,N/A,N/A
174,MK Pandey,India,"Barsapara Cricket Stadium, Guwahati",1,0,0,Bad,0,0,0,N/A,0,N/A,N/A
174,MK Pandey,India,"M.Chinnaswamy Stadium, Bengaluru",1,50,50,Excellent,0,0,0,N/A,0,N/A,N/A
174,MK Pandey,India,"MA Chidambaram Stadium, Chennai",1,27,27,Average,0,0,0,N/A,0,N/A,N/A
174,MK Pandey,India,"Narendra Modi Stadium, Ahmedabad",1,1,1,Bad,0,0,0,N/A,0,N/A,N/A
174,MK Pandey,India,"Rajiv Gandhi International Stadium, Hyderabad",1,34,34,Good,0,0,0,N/A,0,N/A,N/A
175,MM Ali,England,"Bharat Ratna Shri Atal Bihari Vajpayee Ekana Cricket Stadium, Lucknow",1,30,30,Good,2,18,30,3.6,2,15,Excellent
175,MM Ali,England,Himachal Pradesh Cricket Association Stadium (Dharamsala),1,17,17,Poor,0,0,0,N/A,0,N/A,N/A
175,MM Ali,England,"M.Chinnaswamy Stadium, Bengaluru",1,19,19,Poor,1,13,6,13,1,6,Excellent
175,MM Ali,England,"Sawai Mansingh Stadium, Jaipur",1,23,23,Average,1,17,12,8.5,0,N/A,Average
176,MM Sharma,India,"M.Chinnaswamy Stadium, Bengaluru",1,0,0,Bad,2,86,38,13.58,0,N/A,Bad
177,MP Stoinis,Australia,"Arun Jaitley Stadium, Delhi",1,5,5,Bad,0,0,0,N/A,0,N/A,N/A
177,MP Stoinis,Australia,"Dr DY Patil Sports Academy, Mumbai",1,24,24,Average,2,37,19,11.68,3,6.333333333,Excellent
177,MP Stoinis,Australia,"Narendra Modi Stadium, Ahmedabad",1,4,4,Bad,1,20,6,20,0,N/A,Bad
177,MP Stoinis,Australia,"Punjab Cricket Association IS Bindra Stadium, Mohali",1,72,72,Excellent,1,22,15,8.8,1,15,Good
179,MR Marsh,Australia,"Bharat Ratna Shri Atal Bihari Vajpayee Ekana Cricket Stadium, Lucknow",1,0,0,Bad,0,0,0,N/A,0,N/A,N/A
179,MR Marsh,Australia,"Brabourne Stadium, Mumbai",1,10,10,Poor,1,36,25,8.64,1,25,Average
179,MR Marsh,Australia,"M.Chinnaswamy Stadium, Bengaluru",1,0,0,Bad,1,19,12,9.5,2,6,Excellent
179,MR Marsh,Australia,"MA Chidambaram Stadium, Chennai",1,5,5,Bad,1,19,21,5.43,3,7,Excellent
179,MR Marsh,Australia,Maharaja Yadavindra Singh International Cricket St (Mullanpur),1,20,20,Average,1,52,25,12.48,0,N/A,Bad
179,MR Marsh,Australia,"Rajiv Gandhi International Stadium, Hyderabad",1,25,25,Average,1,16,13,7.38,0,N/A,Good
179,MR Marsh,Australia,"Sawai Mansingh Stadium, Jaipur",1,23,23,Average,0,0,0,N/A,0,N/A,N/A
180,MS Dhoni,India,"Arun Jaitley Stadium, Delhi",1,5,5,Bad,0,0,0,N/A,0,N/A,N/A
180,MS Dhoni,India,"Bharat Ratna Shri Atal Bihari Vajpayee Ekana Cricket Stadium, Lucknow",1,28,28,Average,0,0,0,N/A,0,N/A,N/A
180,MS Dhoni,India,Dr YS Rajasekhara Reddy Cricket Stadium (Visakhapatnam),1,37,37,Good,0,0,0,N/A,0,N/A,N/A
180,MS Dhoni,India,"Eden Gardens, Kolkata",1,2,2,Bad,0,0,0,N/A,0,N/A,N/A
180,MS Dhoni,India,Himachal Pradesh Cricket Association Stadium (Dharamsala),1,0,0,Bad,0,0,0,N/A,0,N/A,N/A
180,MS Dhoni,India,"Rajiv Gandhi International Stadium, Hyderabad",1,1,1,Bad,0,0,0,N/A,0,N/A,N/A
181,MS Wade,Australia,"Brabourne Stadium, Mumbai",1,6,6,Bad,0,0,0,N/A,0,N/A,N/A
181,MS Wade,Australia,"Eden Gardens, Kolkata",1,35,35,Good,0,0,0,N/A,0,N/A,N/A
181,MS Wade,Australia,"Narendra Modi Stadium, Ahmedabad",1,8,8,Bad,0,0,0,N/A,0,N/A,N/A
181,MS Wade,Australia,"Sawai Mansingh Stadium, Jaipur",1,4,4,Bad,0,0,0,N/A,0,N/A,N/A
182,MW Short,Australia,"Bharat Ratna Shri Atal Bihari Vajpayee Ekana Cricket Stadium, Lucknow",1,34,34,Good,1,10,12,5,0,N/A,Excellent
182,MW Short,Australia,"Rajiv Gandhi International Stadium, Hyderabad",1,1,1,Bad,0,0,0,N/A,0,N/A,N/A
182,MW Short,Australia,"Wankhede Stadium, Mumbai",1,11,11,Poor,1,7,7,6,0,N/A,Excellent
183,Mandeep Singh,India,"Arun Jaitley Stadium, Delhi",1,12,12,Poor,0,0,0,N/A,0,N/A,N/A
183,Mandeep Singh,India,"Eden Gardens, Kolkata",1,0,0,Bad,0,0,0,N/A,0,N/A,N/A
183,Mandeep Singh,India,"Maharashtra Cricket Association Stadium, Pune",1,18,18,Poor,0,0,0,N/A,0,N/A,N/A
183,Mandeep Singh,India,"Punjab Cricket Association IS Bindra Stadium, Mohali",1,2,2,Bad,0,0,0,N/A,0,N/A,N/A
184,Mayank Dagar,India,"M.Chinnaswamy Stadium, Bengaluru",1,0,0,Bad,3,82,48,10.25,1,48,Bad
185,Mohammad Nabi,Afghanistan,"Arun Jaitley Stadium, Delhi",1,7,7,Bad,1,20,12,10,1,12,Excellent
185,Mohammad Nabi,Afghanistan,"Bharat Ratna Shri Atal Bihari Vajpayee Ekana Cricket Stadium, Lucknow",1,1,1,Bad,1,16,8,12,1,8,Excellent
185,Mohammad Nabi,Afghanistan,Maharaja Yadavindra Singh International Cricket St (Mullanpur),1,0,0,Bad,0,0,0,N/A,0,N/A,N/A
185,Mohammad Nabi,Afghanistan,"Sawai Mansingh Stadium, Jaipur",1,23,23,Average,1,31,18,10.33,0,N/A,Bad
185,Mohammad Nabi,Afghanistan,"Wankhede Stadium, Mumbai",1,4,4,Bad,3,43,36,7.17,0,N/A,Good
186,Mohammed Shami,India,"MA Chidambaram Stadium, Chennai",1,5,5,Bad,1,30,25,7.2,2,12.5,Good
186,Mohammed Shami,India,"Narendra Modi Stadium, Ahmedabad",1,0,0,Bad,10,277,232,7.16,19,12.21052632,Good
187,Mohammed Siraj,India,"Bharat Ratna Shri Atal Bihari Vajpayee Ekana Cricket Stadium, Lucknow",1,0,0,Bad,1,25,22,6.82,1,22,Excellent
187,Mohammed Siraj,India,"Dr DY Patil Sports Academy, Mumbai",1,14,14,Poor,4,157,104,9.06,4,26,Poor
187,Mohammed Siraj,India,"Maharashtra Cricket Association Stadium, Pune",1,5,5,Bad,3,103,62,9.97,2,31,Poor
188,Mohit Rathee,India,"Rajiv Gandhi International Stadium, Hyderabad",1,1,1,Bad,1,29,12,14.5,0,N/A,Bad
189,Mohsin Khan,India,"Bharat Ratna Shri Atal Bihari Vajpayee Ekana Cricket Stadium, Lucknow",1,2,2,Bad,6,213,133,9.61,6,22.16666667,Poor
189,Mohsin Khan,India,"Brabourne Stadium, Mumbai",1,9,9,Bad,1,43,25,10.32,0,N/A,Bad
189,Mohsin Khan,India,"MA Chidambaram Stadium, Chennai",1,0,0,Bad,2,78,42,11.14,2,21,Poor
191,Mukesh Choudhary,India,"Brabourne Stadium, Mumbai",1,2,2,Bad,3,132,75,10.56,1,75,Bad
191,Mukesh Choudhary,India,"Wankhede Stadium, Mumbai",1,4,4,Bad,3,88,72,7.33,3,24,Good
192,Mukesh Kumar,India,"Barsapara Cricket Stadium, Guwahati",1,1,1,Bad,1,37,24,9.25,2,12,Excellent
192,Mukesh Kumar,India,"Bharat Ratna Shri Atal Bihari Vajpayee Ekana Cricket Stadium, Lucknow",1,0,0,Bad,2,75,50,9,1,50,Poor
192,Mukesh Kumar,India,"M.Chinnaswamy Stadium, Bengaluru",1,3,3,Bad,1,24,18,8,3,6,Excellent
193,Mustafizur Rahman,Bangladesh,"Arun Jaitley Stadium, Delhi",1,1,1,Bad,1,38,24,9.5,1,24,Poor
193,Mustafizur Rahman,Bangladesh,"Maharashtra Cricket Association Stadium, Pune",1,3,3,Bad,1,26,25,6.24,3,8.333333333,Excellent
195,N Jagadeesan,India,"Brabourne Stadium, Mumbai",1,1,1,Bad,0,0,0,N/A,0,N/A,N/A
195,N Jagadeesan,India,"M.Chinnaswamy Stadium, Bengaluru",1,27,27,Average,0,0,0,N/A,0,N/A,N/A
195,N Jagadeesan,India,"Narendra Modi Stadium, Ahmedabad",1,6,6,Bad,0,0,0,N/A,0,N/A,N/A
196,N Pooran,West Indies,"Arun Jaitley Stadium, Delhi",1,61,61,Excellent,0,0,0,N/A,0,N/A,N/A
196,N Pooran,West Indies,"Narendra Modi Stadium, Ahmedabad",1,3,3,Bad,0,0,0,N/A,0,N/A,N/A
196,N Pooran,West Indies,"Punjab Cricket Association IS Bindra Stadium, Mohali",1,45,45,Excellent,0,0,0,N/A,0,N/A,N/A
197,N Rana,India,"Arun Jaitley Stadium, Delhi",1,4,4,Bad,1,17,24,4.25,2,12,Excellent
197,N Rana,India,"M.Chinnaswamy Stadium, Bengaluru",1,48,48,Excellent,1,8,6,8,0,N/A,Average
197,N Rana,India,"MA Chidambaram Stadium, Chennai",1,57,57,Excellent,0,0,0,N/A,0,N/A,N/A
197,N Rana,India,"Narendra Modi Stadium, Ahmedabad",1,45,45,Excellent,0,0,0,N/A,0,N/A,N/A
197,N Rana,India,"Punjab Cricket Association IS Bindra Stadium, Mohali",1,24,24,Average,0,0,0,N/A,0,N/A,N/A
197,N Rana,India,"Rajiv Gandhi International Stadium, Hyderabad",1,42,42,Excellent,0,0,0,N/A,0,N/A,N/A
199,N Wadhera,India,"Arun Jaitley Stadium, Delhi",1,4,4,Bad,0,0,0,N/A,0,N/A,N/A
199,N Wadhera,India,"Eden Gardens, Kolkata",1,3,3,Bad,0,0,0,N/A,0,N/A,N/A
199,N Wadhera,India,"M.Chinnaswamy Stadium, Bengaluru",1,21,21,Average,0,0,0,N/A,0,N/A,N/A
199,N Wadhera,India,"Sawai Mansingh Stadium, Jaipur",1,49,49,Excellent,0,0,0,N/A,0,N/A,N/A
201,NM Coulter-Nile,New Zealand,"Maharashtra Cricket Association Stadium, Pune",1,1,1,Bad,1,49,20,14.7,0,N/A,Bad
202,NT Ellis,Australia,"Brabourne Stadium, Mumbai",1,0,0,Bad,1,15,14,6.43,0,N/A,Excellent
202,NT Ellis,Australia,"Punjab Cricket Association IS Bindra Stadium, Mohali",1,1,1,Bad,3,104,69,9.04,4,17.25,Average
202,NT Ellis,Australia,"Rajiv Gandhi International Stadium, Hyderabad",1,0,0,Bad,1,28,18,9.33,0,N/A,Poor
203,Naman Dhir,India,"Eden Gardens, Kolkata",1,17,17,Poor,0,0,0,N/A,0,N/A,N/A
203,Naman Dhir,India,"Narendra Modi Stadium, Ahmedabad",1,20,20,Average,1,13,6,13,0,N/A,Bad
203,Naman Dhir,India,"Rajiv Gandhi International Stadium, Hyderabad",1,30,30,Good,0,0,0,N/A,0,N/A,N/A
204,Navdeep Saini,India,"Dr DY Patil Sports Academy, Mumbai",1,2,2,Bad,1,36,20,10.8,2,10,Excellent
205,Naveen-ul-Haq,Afghanistan,"Arun Jaitley Stadium, Delhi",1,2,2,Bad,1,51,25,12.24,2,12.5,Bad
205,Naveen-ul-Haq,Afghanistan,"Bharat Ratna Shri Atal Bihari Vajpayee Ekana Cricket Stadium, Lucknow",1,13,13,Poor,8,261,191,8.2,11,17.36363636,Average
205,Naveen-ul-Haq,Afghanistan,"Eden Gardens, Kolkata",1,2,2,Bad,1,46,24,11.5,0,N/A,Bad
205,Naveen-ul-Haq,Afghanistan,"MA Chidambaram Stadium, Chennai",1,1,1,Bad,1,39,27,8.67,4,6.75,Excellent
206,Nithish Kumar Reddy,India,"Arun Jaitley Stadium, Delhi",1,37,37,Good,1,17,14,7.29,2,7,Excellent
206,Nithish Kumar Reddy,India,Maharaja Yadavindra Singh International Cricket St (Mullanpur),1,64,64,Excellent,1,33,19,10.42,1,19,Average
206,Nithish Kumar Reddy,India,"Narendra Modi Stadium, Ahmedabad",1,9,9,Bad,1,13,6,13,0,N/A,Bad
206,Nithish Kumar Reddy,India,"Wankhede Stadium, Mumbai",1,20,20,Average,2,51,30,10.2,0,N/A,Bad
207,Noor Ahmad,Afghanistan,"Bharat Ratna Shri Atal Bihari Vajpayee Ekana Cricket Stadium, Lucknow",1,4,4,Bad,2,40,48,5,2,24,Excellent
207,Noor Ahmad,Afghanistan,"MA Chidambaram Stadium, Chennai",1,7,7,Bad,1,29,24,7.25,1,24,Good
207,Noor Ahmad,Afghanistan,"Wankhede Stadium, Mumbai",1,1,1,Bad,1,38,24,9.5,0,N/A,Poor
208,OC McCoy,West Indies,"Narendra Modi Stadium, Ahmedabad",1,8,8,Bad,2,49,44,6.68,3,14.66666667,Excellent
209,OF Smith,West Indies,"Maharashtra Cricket Association Stadium, Pune",1,1,1,Bad,1,30,20,9,4,5,Excellent
209,OF Smith,West Indies,"Wankhede Stadium, Mumbai",1,9,9,Bad,1,39,13,18,1,13,Good
210,P Dubey,India,"Arun Jaitley Stadium, Delhi",1,16,16,Poor,1,19,19,6,1,19,Excellent
211,P Simran Singh,India,"Arun Jaitley Stadium, Delhi",1,103,103,Excellent,0,0,0,N/A,0,N/A,N/A
211,P Simran Singh,India,"Dr DY Patil Sports Academy, Mumbai",1,14,14,Poor,0,0,0,N/A,0,N/A,N/A
211,P Simran Singh,India,"M.Chinnaswamy Stadium, Bengaluru",1,25,25,Average,0,0,0,N/A,0,N/A,N/A
211,P Simran Singh,India,"Narendra Modi Stadium, Ahmedabad",1,35,35,Good,0,0,0,N/A,0,N/A,N/A
211,P Simran Singh,India,"Wankhede Stadium, Mumbai",1,26,26,Average,0,0,0,N/A,0,N/A,N/A
212,PBB Rajapaksa,Sri Lanka,"Barsapara Cricket Stadium, Guwahati",1,1,1,Bad,0,0,0,N/A,0,N/A,N/A
212,PBB Rajapaksa,Sri Lanka,"Eden Gardens, Kolkata",1,0,0,Bad,0,0,0,N/A,0,N/A,N/A
212,PBB Rajapaksa,Sri Lanka,"Maharashtra Cricket Association Stadium, Pune",1,9,9,Bad,0,0,0,N/A,0,N/A,N/A
213,PD Salt,England,"Bharat Ratna Shri Atal Bihari Vajpayee Ekana Cricket Stadium, Lucknow",1,32,32,Good,0,0,0,N/A,0,N/A,N/A
213,PD Salt,England,Dr YS Rajasekhara Reddy Cricket Stadium (Visakhapatnam),1,18,18,Poor,0,0,0,N/A,0,N/A,N/A
213,PD Salt,England,Himachal Pradesh Cricket Association Stadium (Dharamsala),1,26,26,Average,0,0,0,N/A,0,N/A,N/A
213,PD Salt,England,"M.Chinnaswamy Stadium, Bengaluru",1,30,30,Good,0,0,0,N/A,0,N/A,N/A
213,PD Salt,England,"Narendra Modi Stadium, Ahmedabad",1,0,0,Bad,0,0,0,N/A,0,N/A,N/A
213,PD Salt,England,"Rajiv Gandhi International Stadium, Hyderabad",1,0,0,Bad,0,0,0,N/A,0,N/A,N/A
213,PD Salt,England,"Wankhede Stadium, Mumbai",1,5,5,Bad,0,0,0,N/A,0,N/A,N/A
215,PJ Cummins,Australia,"Arun Jaitley Stadium, Delhi",1,1,1,Bad,1,35,24,8.75,0,N/A,Average
215,PJ Cummins,Australia,"Dr DY Patil Sports Academy, Mumbai",1,0,0,Bad,1,26,25,6.24,4,6.25,Excellent
215,PJ Cummins,Australia,"Eden Gardens, Kolkata",1,0,0,Bad,1,32,24,8,1,24,Average
215,PJ Cummins,Australia,Maharaja Yadavindra Singh International Cricket St (Mullanpur),1,3,3,Bad,1,22,24,5.5,1,24,Excellent
215,PJ Cummins,Australia,"Maharashtra Cricket Association Stadium, Pune",1,56,56,Excellent,1,49,25,11.76,2,12.5,Bad
215,PJ Cummins,Australia,"Rajiv Gandhi International Stadium, Hyderabad",1,31,31,Good,6,236,146,9.7,8,18.25,Average
215,PJ Cummins,Australia,"Wankhede Stadium, Mumbai",1,35,35,Good,1,35,25,8.4,1,25,Average
216,PJ Sangwan,India,"Dr DY Patil Sports Academy, Mumbai",1,2,2,Bad,1,23,12,11.5,0,N/A,Bad
217,PK Garg,India,"Arun Jaitley Stadium, Delhi",1,12,12,Poor,0,0,0,N/A,0,N/A,N/A
217,PK Garg,India,"Narendra Modi Stadium, Ahmedabad",1,10,10,Poor,0,0,0,N/A,0,N/A,N/A
218,PN Mankad,India,"Bharat Ratna Shri Atal Bihari Vajpayee Ekana Cricket Stadium, Lucknow",1,0,0,Bad,0,0,0,N/A,0,N/A,N/A
218,PN Mankad,India,"Eden Gardens, Kolkata",1,26,26,Average,0,0,0,N/A,0,N/A,N/A
218,PN Mankad,India,"MA Chidambaram Stadium, Chennai",1,3,3,Bad,0,0,0,N/A,0,N/A,N/A
218,PN Mankad,India,"Rajiv Gandhi International Stadium, Hyderabad",1,64,64,Excellent,0,0,0,N/A,0,N/A,N/A
218,PN Mankad,India,"Wankhede Stadium, Mumbai",1,4,4,Bad,0,0,0,N/A,0,N/A,N/A
219,PP Chawla,India,"Arun Jaitley Stadium, Delhi",1,10,10,Poor,2,58,50,6.96,4,12.5,Excellent
219,PP Chawla,India,"Eden Gardens, Kolkata",1,1,1,Bad,1,28,18,9.33,2,9,Excellent
219,PP Chawla,India,"MA Chidambaram Stadium, Chennai",1,2,2,Bad,2,57,50,6.84,4,12.5,Excellent
219,PP Chawla,India,"Sawai Mansingh Stadium, Jaipur",1,1,1,Bad,1,33,24,8.25,1,24,Average
220,PP Shaw,India,"Barsapara Cricket Stadium, Guwahati",1,0,0,Bad,0,0,0,N/A,0,N/A,N/A
220,PP Shaw,India,"Dr DY Patil Sports Academy, Mumbai",1,61,61,Excellent,0,0,0,N/A,0,N/A,N/A
220,PP Shaw,India,"Eden Gardens, Kolkata",1,13,13,Poor,0,0,0,N/A,0,N/A,N/A
220,PP Shaw,India,Himachal Pradesh Cricket Association Stadium (Dharamsala),1,54,54,Excellent,0,0,0,N/A,0,N/A,N/A
220,PP Shaw,India,"M.Chinnaswamy Stadium, Bengaluru",1,0,0,Bad,0,0,0,N/A,0,N/A,N/A
220,PP Shaw,India,"Maharashtra Cricket Association Stadium, Pune",1,10,10,Poor,0,0,0,N/A,0,N/A,N/A
220,PP Shaw,India,"Narendra Modi Stadium, Ahmedabad",1,7,7,Bad,0,0,0,N/A,0,N/A,N/A
221,PVD Chameera,Sri Lanka,"Brabourne Stadium, Mumbai",1,0,0,Bad,3,132,69,11.48,3,23,Poor
221,PVD Chameera,Sri Lanka,"Dr DY Patil Sports Academy, Mumbai",1,1,1,Bad,1,33,19,10.42,2,9.5,Excellent
221,PVD Chameera,Sri Lanka,"Eden Gardens, Kolkata",1,11,11,Poor,2,103,44,14.05,0,N/A,Bad
222,PWH de Silva,Sri Lanka,"Bharat Ratna Shri Atal Bihari Vajpayee Ekana Cricket Stadium, Lucknow",1,8,8,Bad,1,20,24,5,1,24,Excellent
222,PWH de Silva,Sri Lanka,"Narendra Modi Stadium, Ahmedabad",1,0,0,Bad,1,26,24,6.5,1,24,Excellent
222,PWH de Silva,Sri Lanka,"Wankhede Stadium, Mumbai",1,12,12,Poor,5,170,122,8.36,11,11.09090909,Excellent
223,Q de Kock,South Africa,"Arun Jaitley Stadium, Delhi",1,12,12,Poor,0,0,0,N/A,0,N/A,N/A
223,Q de Kock,South Africa,"M.Chinnaswamy Stadium, Bengaluru",1,81,81,Excellent,0,0,0,N/A,0,N/A,N/A
223,Q de Kock,South Africa,"MA Chidambaram Stadium, Chennai",1,0,0,Bad,0,0,0,N/A,0,N/A,N/A
223,Q de Kock,South Africa,"Narendra Modi Stadium, Ahmedabad",1,70,70,Excellent,0,0,0,N/A,0,N/A,N/A
223,Q de Kock,South Africa,"Sawai Mansingh Stadium, Jaipur",1,4,4,Bad,0,0,0,N/A,0,N/A,N/A
224,R Ashwin,India,"Arun Jaitley Stadium, Delhi",1,2,2,Bad,1,24,24,6,3,8,Excellent
224,R Ashwin,India,"M.Chinnaswamy Stadium, Bengaluru",1,12,12,Poor,1,37,25,8.88,1,25,Average
224,R Ashwin,India,"Maharashtra Cricket Association Stadium, Pune",1,17,17,Poor,2,38,49,4.65,3,16.33333333,Excellent
225,R Dhawan,India,"Brabourne Stadium, Mumbai",1,7,7,Bad,1,36,24,9,2,12,Excellent
225,R Dhawan,India,"Dr DY Patil Sports Academy, Mumbai",1,4,4,Bad,2,43,39,6.62,1,39,Excellent
225,R Dhawan,India,"Eden Gardens, Kolkata",1,19,19,Poor,1,15,12,7.5,0,N/A,Good
225,R Dhawan,India,"Maharashtra Cricket Association Stadium, Pune",1,21,21,Average,1,17,12,8.5,0,N/A,Average
225,R Dhawan,India,"Punjab Cricket Association IS Bindra Stadium, Mohali",1,1,1,Bad,2,39,24,9.75,1,24,Poor
225,R Dhawan,India,"Wankhede Stadium, Mumbai",1,5,5,Bad,2,68,44,9.27,3,14.66666667,Good
227,R Parag,India,"Arun Jaitley Stadium, Delhi",1,27,27,Average,1,17,13,7.85,0,N/A,Good
227,R Parag,India,"Bharat Ratna Shri Atal Bihari Vajpayee Ekana Cricket Stadium, Lucknow",1,14,14,Poor,0,0,0,N/A,0,N/A,N/A
227,R Parag,India,Himachal Pradesh Cricket Association Stadium (Dharamsala),1,20,20,Average,0,0,0,N/A,0,N/A,N/A
227,R Parag,India,Maharaja Yadavindra Singh International Cricket St (Mullanpur),1,23,23,Average,0,0,0,N/A,0,N/A,N/A
228,R Powell,West Indies,"Bharat Ratna Shri Atal Bihari Vajpayee Ekana Cricket Stadium, Lucknow",1,1,1,Bad,0,0,0,N/A,0,N/A,N/A
228,R Powell,West Indies,"Eden Gardens, Kolkata",1,26,26,Average,0,0,0,N/A,0,N/A,N/A
228,R Powell,West Indies,"MA Chidambaram Stadium, Chennai",1,6,6,Bad,0,0,0,N/A,0,N/A,N/A
228,R Powell,West Indies,Maharaja Yadavindra Singh International Cricket St (Mullanpur),1,11,11,Poor,0,0,0,N/A,0,N/A,N/A
228,R Powell,West Indies,"Maharashtra Cricket Association Stadium, Pune",1,20,20,Average,0,0,0,N/A,0,N/A,N/A
228,R Powell,West Indies,"Narendra Modi Stadium, Ahmedabad",1,16,16,Poor,0,0,0,N/A,0,N/A,N/A
228,R Powell,West Indies,"Rajiv Gandhi International Stadium, Hyderabad",1,27,27,Average,0,0,0,N/A,0,N/A,N/A
229,R Ravindra,New Zealand,"Bharat Ratna Shri Atal Bihari Vajpayee Ekana Cricket Stadium, Lucknow",1,0,0,Bad,0,0,0,N/A,0,N/A,N/A
229,R Ravindra,New Zealand,Dr YS Rajasekhara Reddy Cricket Stadium (Visakhapatnam),1,2,2,Bad,0,0,0,N/A,0,N/A,N/A
229,R Ravindra,New Zealand,"M.Chinnaswamy Stadium, Bengaluru",1,61,61,Excellent,0,0,0,N/A,0,N/A,N/A
229,R Ravindra,New Zealand,"Narendra Modi Stadium, Ahmedabad",1,1,1,Bad,0,0,0,N/A,0,N/A,N/A
229,R Ravindra,New Zealand,"Rajiv Gandhi International Stadium, Hyderabad",1,12,12,Poor,1,3,6,3,0,N/A,Excellent
229,R Ravindra,New Zealand,"Wankhede Stadium, Mumbai",1,21,21,Average,0,0,0,N/A,0,N/A,N/A
230,R Sai Kishore,India,"Arun Jaitley Stadium, Delhi",1,13,13,Poor,1,22,6,22,0,N/A,Bad
231,R Sanjay Yadav,India,"Wankhede Stadium, Mumbai",1,0,0,Bad,1,23,14,9.86,0,N/A,Poor
232,R Shepherd,West Indies,"Bharat Ratna Shri Atal Bihari Vajpayee Ekana Cricket Stadium, Lucknow",1,0,0,Bad,0,0,0,N/A,0,N/A,N/A
232,R Shepherd,West Indies,"Dr DY Patil Sports Academy, Mumbai",1,8,8,Bad,1,42,25,10.08,3,8.333333333,Excellent
232,R Shepherd,West Indies,Maharaja Yadavindra Singh International Cricket St (Mullanpur),1,1,1,Bad,1,21,12,10.5,0,N/A,Bad
232,R Shepherd,West Indies,"Maharashtra Cricket Association Stadium, Pune",1,24,24,Average,1,33,25,7.92,1,25,Good
232,R Shepherd,West Indies,"Rajiv Gandhi International Stadium, Hyderabad",1,15,15,Poor,0,0,0,N/A,0,N/A,N/A
233,R Tewatia,India,"Arun Jaitley Stadium, Delhi",1,4,4,Bad,0,0,0,N/A,0,N/A,N/A
233,R Tewatia,India,Maharaja Yadavindra Singh International Cricket St (Mullanpur),1,36,36,Good,0,0,0,N/A,0,N/A,N/A
233,R Tewatia,India,"Punjab Cricket Association IS Bindra Stadium, Mohali",1,5,5,Bad,0,0,0,N/A,0,N/A,N/A
233,R Tewatia,India,"Sawai Mansingh Stadium, Jaipur",1,22,22,Average,0,0,0,N/A,0,N/A,N/A
234,RA Bawa,India,"Dr DY Patil Sports Academy, Mumbai",1,0,0,Bad,0,0,0,N/A,0,N/A,N/A
234,RA Bawa,India,"Wankhede Stadium, Mumbai",1,11,11,Poor,0,0,0,N/A,0,N/A,N/A
235,RA Jadeja,India,"Arun Jaitley Stadium, Delhi",1,20,20,Average,1,50,25,12,1,25,Bad
235,RA Jadeja,India,"Bharat Ratna Shri Atal Bihari Vajpayee Ekana Cricket Stadium, Lucknow",1,57,57,Excellent,2,43,37,6.97,1,37,Excellent
235,RA Jadeja,India,Dr YS Rajasekhara Reddy Cricket Stadium (Visakhapatnam),1,21,21,Average,1,43,24,10.75,1,24,Poor
235,RA Jadeja,India,"Eden Gardens, Kolkata",1,18,18,Poor,1,34,18,11.33,1,18,Average
235,RA Jadeja,India,Himachal Pradesh Cricket Association Stadium (Dharamsala),1,43,43,Excellent,1,20,24,5,3,8,Excellent
235,RA Jadeja,India,"Rajiv Gandhi International Stadium, Hyderabad",1,31,31,Good,1,30,24,7.5,0,N/A,Good
235,RA Jadeja,India,"Sawai Mansingh Stadium, Jaipur",1,23,23,Average,1,32,25,7.68,1,25,Good
236,RA Tripathi,India,"Arun Jaitley Stadium, Delhi",1,10,10,Poor,0,0,0,N/A,0,N/A,N/A
236,RA Tripathi,India,"Bharat Ratna Shri Atal Bihari Vajpayee Ekana Cricket Stadium, Lucknow",1,34,34,Good,0,0,0,N/A,0,N/A,N/A
236,RA Tripathi,India,Maharaja Yadavindra Singh International Cricket St (Mullanpur),1,11,11,Poor,0,0,0,N/A,0,N/A,N/A
236,RA Tripathi,India,"Sawai Mansingh Stadium, Jaipur",1,47,47,Excellent,0,0,0,N/A,0,N/A,N/A
237,RD Chahar,India,"Maharashtra Cricket Association Stadium, Pune",1,4,4,Bad,2,74,48,9.25,2,24,Poor
237,RD Chahar,India,"Punjab Cricket Association IS Bindra Stadium, Mohali",1,0,0,Bad,5,121,96,7.56,1,96,Good
237,RD Chahar,India,"Rajiv Gandhi International Stadium, Hyderabad",1,0,0,Bad,2,71,43,9.91,1,43,Poor
237,RD Chahar,India,"Wankhede Stadium, Mumbai",1,0,0,Bad,4,125,92,8.15,2,46,Average
238,RD Gaikwad,India,"Arun Jaitley Stadium, Delhi",1,79,79,Excellent,0,0,0,N/A,0,N/A,N/A
238,RD Gaikwad,India,"Bharat Ratna Shri Atal Bihari Vajpayee Ekana Cricket Stadium, Lucknow",1,17,17,Poor,0,0,0,N/A,0,N/A,N/A
238,RD Gaikwad,India,Dr YS Rajasekhara Reddy Cricket Stadium (Visakhapatnam),1,1,1,Bad,0,0,0,N/A,0,N/A,N/A
238,RD Gaikwad,India,"Eden Gardens, Kolkata",1,35,35,Good,0,0,0,N/A,0,N/A,N/A
238,RD Gaikwad,India,Himachal Pradesh Cricket Association Stadium (Dharamsala),1,32,32,Good,0,0,0,N/A,0,N/A,N/A
238,RD Gaikwad,India,"Rajiv Gandhi International Stadium, Hyderabad",1,26,26,Average,0,0,0,N/A,0,N/A,N/A
238,RD Gaikwad,India,"Sawai Mansingh Stadium, Jaipur",1,47,47,Excellent,0,0,0,N/A,0,N/A,N/A
239,RG Sharma,India,"Eden Gardens, Kolkata",1,19,19,Poor,0,0,0,N/A,0,N/A,N/A
239,RG Sharma,India,"M.Chinnaswamy Stadium, Bengaluru",1,1,1,Bad,0,0,0,N/A,0,N/A,N/A
239,RG Sharma,India,Maharaja Yadavindra Singh International Cricket St (Mullanpur),1,36,36,Good,0,0,0,N/A,0,N/A,N/A
239,RG Sharma,India,"Punjab Cricket Association IS Bindra Stadium, Mohali",1,0,0,Bad,0,0,0,N/A,0,N/A,N/A
239,RG Sharma,India,"Sawai Mansingh Stadium, Jaipur",1,6,6,Bad,0,0,0,N/A,0,N/A,N/A
240,RJ Gleeson,England,Himachal Pradesh Cricket Association Stadium (Dharamsala),1,2,2,Bad,1,41,26,9.46,0,N/A,Poor
241,RJW Topley,England,"M.Chinnaswamy Stadium, Bengaluru",1,3,3,Bad,3,121,63,11.52,3,21,Poor
242,RK Bhui,India,Maharaja Yadavindra Singh International Cricket St (Mullanpur),1,3,3,Bad,0,0,0,N/A,0,N/A,N/A
242,RK Bhui,India,"Sawai Mansingh Stadium, Jaipur",1,0,0,Bad,0,0,0,N/A,0,N/A,N/A
243,RK Singh,India,"Arun Jaitley Stadium, Delhi",1,6,6,Bad,0,0,0,N/A,0,N/A,N/A
243,RK Singh,India,"Bharat Ratna Shri Atal Bihari Vajpayee Ekana Cricket Stadium, Lucknow",1,16,16,Poor,0,0,0,N/A,0,N/A,N/A
243,RK Singh,India,Dr YS Rajasekhara Reddy Cricket Stadium (Visakhapatnam),1,26,26,Average,0,0,0,N/A,0,N/A,N/A
243,RK Singh,India,"Narendra Modi Stadium, Ahmedabad",1,48,48,Excellent,0,0,0,N/A,0,N/A,N/A
243,RK Singh,India,"Punjab Cricket Association IS Bindra Stadium, Mohali",1,4,4,Bad,0,0,0,N/A,0,N/A,N/A
243,RK Singh,India,"Rajiv Gandhi International Stadium, Hyderabad",1,46,46,Excellent,0,0,0,N/A,0,N/A,N/A
244,RM Patidar,India,Himachal Pradesh Cricket Association Stadium (Dharamsala),1,55,55,Excellent,0,0,0,N/A,0,N/A,N/A
244,RM Patidar,India,"MA Chidambaram Stadium, Chennai",1,0,0,Bad,0,0,0,N/A,0,N/A,N/A
244,RM Patidar,India,"Rajiv Gandhi International Stadium, Hyderabad",1,50,50,Excellent,0,0,0,N/A,0,N/A,N/A
245,RP Meredith,Australia,"Dr DY Patil Sports Academy, Mumbai",1,0,0,Bad,3,85,73,6.99,3,24.33333333,Excellent
245,RP Meredith,Australia,"Narendra Modi Stadium, Ahmedabad",1,0,0,Bad,1,49,26,11.31,1,26,Bad
246,RR Pant,India,"Bharat Ratna Shri Atal Bihari Vajpayee Ekana Cricket Stadium, Lucknow",1,41,41,Excellent,0,0,0,N/A,0,N/A,N/A
246,RR Pant,India,"Eden Gardens, Kolkata",1,27,27,Average,0,0,0,N/A,0,N/A,N/A
246,RR Pant,India,Maharaja Yadavindra Singh International Cricket St (Mullanpur),1,18,18,Poor,0,0,0,N/A,0,N/A,N/A
246,RR Pant,India,"Maharashtra Cricket Association Stadium, Pune",1,43,43,Excellent,0,0,0,N/A,0,N/A,N/A
246,RR Pant,India,"Narendra Modi Stadium, Ahmedabad",1,16,16,Poor,0,0,0,N/A,0,N/A,N/A
246,RR Pant,India,"Sawai Mansingh Stadium, Jaipur",1,28,28,Average,0,0,0,N/A,0,N/A,N/A
247,RR Rossouw,South Africa,"Bharat Ratna Shri Atal Bihari Vajpayee Ekana Cricket Stadium, Lucknow",1,30,30,Good,0,0,0,N/A,0,N/A,N/A
247,RR Rossouw,South Africa,"Eden Gardens, Kolkata",1,26,26,Average,0,0,0,N/A,0,N/A,N/A
247,RR Rossouw,South Africa,"Narendra Modi Stadium, Ahmedabad",1,8,8,Bad,0,0,0,N/A,0,N/A,N/A
247,RR Rossouw,South Africa,"Rajiv Gandhi International Stadium, Hyderabad",1,49,49,Excellent,0,0,0,N/A,0,N/A,N/A
249,RV Patel,India,"Arun Jaitley Stadium, Delhi",1,11,11,Poor,0,0,0,N/A,0,N/A,N/A
249,RV Patel,India,"Dr DY Patil Sports Academy, Mumbai",1,6,6,Bad,0,0,0,N/A,0,N/A,N/A
249,RV Patel,India,"MA Chidambaram Stadium, Chennai",1,10,10,Poor,0,0,0,N/A,0,N/A,N/A
249,RV Patel,India,"Narendra Modi Stadium, Ahmedabad",1,23,23,Average,0,0,0,N/A,0,N/A,N/A
249,RV Patel,India,"Rajiv Gandhi International Stadium, Hyderabad",1,5,5,Bad,0,0,0,N/A,0,N/A,N/A
251,Rahmanullah Gurbaz,Afghanistan,"Punjab Cricket Association IS Bindra Stadium, Mohali",1,22,22,Average,0,0,0,N/A,0,N/A,N/A
251,Rahmanullah Gurbaz,Afghanistan,"Rajiv Gandhi International Stadium, Hyderabad",1,0,0,Bad,0,0,0,N/A,0,N/A,N/A
251,Rahmanullah Gurbaz,Afghanistan,"Wankhede Stadium, Mumbai",1,8,8,Bad,0,0,0,N/A,0,N/A,N/A
252,Ramandeep Singh,India,"Bharat Ratna Shri Atal Bihari Vajpayee Ekana Cricket Stadium, Lucknow",1,25,25,Average,0,0,0,N/A,0,N/A,N/A
252,Ramandeep Singh,India,"Dr DY Patil Sports Academy, Mumbai",1,12,12,Poor,0,0,0,N/A,0,N/A,N/A
252,Ramandeep Singh,India,Dr YS Rajasekhara Reddy Cricket Stadium (Visakhapatnam),1,2,2,Bad,0,0,0,N/A,0,N/A,N/A
252,Ramandeep Singh,India,"MA Chidambaram Stadium, Chennai",1,13,13,Poor,0,0,0,N/A,0,N/A,N/A
252,Ramandeep Singh,India,"Maharashtra Cricket Association Stadium, Pune",1,6,6,Bad,0,0,0,N/A,0,N/A,N/A
253,Rashid Khan,Afghanistan,"Arun Jaitley Stadium, Delhi",1,21,21,Average,2,66,48,8.25,3,16,Good
253,Rashid Khan,Afghanistan,"Bharat Ratna Shri Atal Bihari Vajpayee Ekana Cricket Stadium, Lucknow",1,0,0,Bad,2,61,48,7.62,2,24,Good
253,Rashid Khan,Afghanistan,"Brabourne Stadium, Mumbai",1,1,1,Bad,3,75,72,6.25,6,12,Excellent
253,Rashid Khan,Afghanistan,"M.Chinnaswamy Stadium, Bengaluru",1,18,18,Poor,2,49,34,8.65,1,34,Average
253,Rashid Khan,Afghanistan,Maharaja Yadavindra Singh International Cricket St (Mullanpur),1,3,3,Bad,1,15,24,3.75,1,24,Excellent
253,Rashid Khan,Afghanistan,"Sawai Mansingh Stadium, Jaipur",1,24,24,Average,2,32,50,3.84,5,10,Excellent
254,Rasikh Salam,India,"Arun Jaitley Stadium, Delhi",1,9,9,Bad,4,145,89,9.78,7,12.71428571,Poor
254,Rasikh Salam,India,"Brabourne Stadium, Mumbai",1,7,7,Bad,1,10,6,10,0,N/A,Bad
254,Rasikh Salam,India,Dr YS Rajasekhara Reddy Cricket Stadium (Visakhapatnam),1,1,1,Bad,2,73,20,14.13,0,N/A,Bad
254,Rasikh Salam,India,"Eden Gardens, Kolkata",1,8,8,Bad,1,30,15,12,0,N/A,Bad
254,Rasikh Salam,India,"M.Chinnaswamy Stadium, Bengaluru",1,10,10,Poor,1,23,21,6.57,2,10.5,Excellent
255,Ravi Bishnoi,India,"Arun Jaitley Stadium, Delhi",1,2,2,Bad,1,26,24,6.5,1,24,Excellent
255,Ravi Bishnoi,India,"Dr DY Patil Sports Academy, Mumbai",1,0,0,Bad,4,134,100,8.04,3,33.33333333,Average
255,Ravi Bishnoi,India,"Eden Gardens, Kolkata",1,2,2,Bad,3,86,67,7.7,3,22.33333333,Good
255,Ravi Bishnoi,India,"M.Chinnaswamy Stadium, Bengaluru",1,3,3,Bad,2,72,45,9.6,0,N/A,Poor
255,Ravi Bishnoi,India,"MA Chidambaram Stadium, Chennai",1,3,3,Bad,3,77,62,7.45,3,20.66666667,Good
255,Ravi Bishnoi,India,"Narendra Modi Stadium, Ahmedabad",1,4,4,Bad,1,21,13,9.69,0,N/A,Poor
256,S Dhawan,India,"Arun Jaitley Stadium, Delhi",1,7,7,Bad,0,0,0,N/A,0,N/A,N/A
256,S Dhawan,India,"Barsapara Cricket Stadium, Guwahati",1,86,86,Excellent,0,0,0,N/A,0,N/A,N/A
256,S Dhawan,India,"Bharat Ratna Shri Atal Bihari Vajpayee Ekana Cricket Stadium, Lucknow",1,70,70,Excellent,0,0,0,N/A,0,N/A,N/A
256,S Dhawan,India,"Eden Gardens, Kolkata",1,57,57,Excellent,0,0,0,N/A,0,N/A,N/A
256,S Dhawan,India,"M.Chinnaswamy Stadium, Bengaluru",1,45,45,Excellent,0,0,0,N/A,0,N/A,N/A
256,S Dhawan,India,"MA Chidambaram Stadium, Chennai",1,28,28,Average,0,0,0,N/A,0,N/A,N/A
256,S Dhawan,India,"Narendra Modi Stadium, Ahmedabad",1,1,1,Bad,0,0,0,N/A,0,N/A,N/A
256,S Dhawan,India,"Rajiv Gandhi International Stadium, Hyderabad",1,99,99,Excellent,0,0,0,N/A,0,N/A,N/A
257,S Dube,India,"Arun Jaitley Stadium, Delhi",1,22,22,Average,0,0,0,N/A,0,N/A,N/A
257,S Dube,India,"Bharat Ratna Shri Atal Bihari Vajpayee Ekana Cricket Stadium, Lucknow",1,3,3,Bad,0,0,0,N/A,0,N/A,N/A
257,S Dube,India,Dr YS Rajasekhara Reddy Cricket Stadium (Visakhapatnam),1,18,18,Poor,0,0,0,N/A,0,N/A,N/A
257,S Dube,India,"Eden Gardens, Kolkata",1,50,50,Excellent,0,0,0,N/A,0,N/A,N/A
257,S Dube,India,Himachal Pradesh Cricket Association Stadium (Dharamsala),1,0,0,Bad,0,0,0,N/A,0,N/A,N/A
257,S Dube,India,"Maharashtra Cricket Association Stadium, Pune",1,19,19,Poor,0,0,0,N/A,0,N/A,N/A
257,S Dube,India,"Rajiv Gandhi International Stadium, Hyderabad",1,45,45,Excellent,0,0,0,N/A,0,N/A,N/A
257,S Dube,India,"Sawai Mansingh Stadium, Jaipur",1,52,52,Excellent,0,0,0,N/A,0,N/A,N/A
258,S Gopal,India,"Brabourne Stadium, Mumbai",1,9,9,Bad,1,34,18,11.33,1,18,Average
263,SA Abbott,Australia,"Brabourne Stadium, Mumbai",1,7,7,Bad,1,47,27,10.44,1,27,Bad
264,SA Yadav,India,"Eden Gardens, Kolkata",1,11,11,Poor,0,0,0,N/A,0,N/A,N/A
264,SA Yadav,India,"M.Chinnaswamy Stadium, Bengaluru",1,15,15,Poor,0,0,0,N/A,0,N/A,N/A
264,SA Yadav,India,Maharaja Yadavindra Singh International Cricket St (Mullanpur),1,78,78,Excellent,0,0,0,N/A,0,N/A,N/A
264,SA Yadav,India,"Punjab Cricket Association IS Bindra Stadium, Mohali",1,66,66,Excellent,0,0,0,N/A,0,N/A,N/A
264,SA Yadav,India,"Rajiv Gandhi International Stadium, Hyderabad",1,7,7,Bad,0,0,0,N/A,0,N/A,N/A
264,SA Yadav,India,"Sawai Mansingh Stadium, Jaipur",1,10,10,Poor,0,0,0,N/A,0,N/A,N/A
265,SB Dubey,India,"Arun Jaitley Stadium, Delhi",1,25,25,Average,0,0,0,N/A,0,N/A,N/A
265,SB Dubey,India,"MA Chidambaram Stadium, Chennai",1,0,0,Bad,0,0,0,N/A,0,N/A,N/A
265,SB Dubey,India,"Wankhede Stadium, Mumbai",1,8,8,Bad,0,0,0,N/A,0,N/A,N/A
266,SD Hope,West Indies,"Bharat Ratna Shri Atal Bihari Vajpayee Ekana Cricket Stadium, Lucknow",1,11,11,Poor,0,0,0,N/A,0,N/A,N/A
266,SD Hope,West Indies,"Eden Gardens, Kolkata",1,6,6,Bad,0,0,0,N/A,0,N/A,N/A
266,SD Hope,West Indies,"M.Chinnaswamy Stadium, Bengaluru",1,29,29,Average,0,0,0,N/A,0,N/A,N/A
266,SD Hope,West Indies,Maharaja Yadavindra Singh International Cricket St (Mullanpur),1,33,33,Good,0,0,0,N/A,0,N/A,N/A
266,SD Hope,West Indies,"Narendra Modi Stadium, Ahmedabad",1,19,19,Poor,0,0,0,N/A,0,N/A,N/A
267,SE Rutherford,West Indies,"Dr DY Patil Sports Academy, Mumbai",1,28,28,Average,0,0,0,N/A,0,N/A,N/A
267,SE Rutherford,West Indies,"Wankhede Stadium, Mumbai",1,5,5,Bad,0,0,0,N/A,0,N/A,N/A
268,SH Johnson,Australia,"Bharat Ratna Shri Atal Bihari Vajpayee Ekana Cricket Stadium, Lucknow",1,0,0,Bad,1,36,25,8.64,0,N/A,Average
268,SH Johnson,Australia,"MA Chidambaram Stadium, Chennai",1,5,5,Bad,1,35,24,8.75,1,24,Average
268,SH Johnson,Australia,"Narendra Modi Stadium, Ahmedabad",1,1,1,Bad,2,47,26,10.85,3,8.666666667,Excellent
270,SM Curran,England,"Arun Jaitley Stadium, Delhi",1,20,20,Average,1,18,12,9,0,N/A,Poor
270,SM Curran,England,"Eden Gardens, Kolkata",1,4,4,Bad,2,104,43,14.51,1,43,Bad
270,SM Curran,England,"M.Chinnaswamy Stadium, Bengaluru",1,23,23,Average,1,30,18,10,1,18,Average
270,SM Curran,England,"Narendra Modi Stadium, Ahmedabad",1,5,5,Bad,1,19,12,9.5,0,N/A,Poor
270,SM Curran,England,"Rajiv Gandhi International Stadium, Hyderabad",1,22,22,Average,1,14,18,4.67,0,N/A,Excellent
270,SM Curran,England,"Wankhede Stadium, Mumbai",1,55,55,Excellent,1,41,19,12.95,0,N/A,Bad
271,SN Khan,India,"Bharat Ratna Shri Atal Bihari Vajpayee Ekana Cricket Stadium, Lucknow",1,4,4,Bad,0,0,0,N/A,0,N/A,N/A
271,SN Khan,India,"Brabourne Stadium, Mumbai",1,12,12,Poor,0,0,0,N/A,0,N/A,N/A
271,SN Khan,India,"Rajiv Gandhi International Stadium, Hyderabad",1,10,10,Poor,0,0,0,N/A,0,N/A,N/A
272,SN Thakur,India,Himachal Pradesh Cricket Association Stadium (Dharamsala),1,17,17,Poor,1,16,13,7.38,1,13,Good
272,SN Thakur,India,"M.Chinnaswamy Stadium, Bengaluru",1,1,1,Bad,1,62,24,15.5,2,12,Excellent
272,SN Thakur,India,"Maharashtra Cricket Association Stadium, Pune",1,2,2,Bad,1,42,27,9.33,0,N/A,Poor
272,SN Thakur,India,"Punjab Cricket Association IS Bindra Stadium, Mohali",1,8,8,Bad,1,43,25,10.32,0,N/A,Bad
272,SN Thakur,India,"Rajiv Gandhi International Stadium, Hyderabad",1,8,8,Bad,1,23,18,7.67,2,9,Excellent
273,SO Hetmyer,West Indies,Himachal Pradesh Cricket Association Stadium (Dharamsala),1,46,46,Excellent,0,0,0,N/A,0,N/A,N/A
273,SO Hetmyer,West Indies,"M.Chinnaswamy Stadium, Bengaluru",1,3,3,Bad,0,0,0,N/A,0,N/A,N/A
273,SO Hetmyer,West Indies,Maharaja Yadavindra Singh International Cricket St (Mullanpur),1,27,27,Average,0,0,0,N/A,0,N/A,N/A
274,SP Jackson,India,"Wankhede Stadium, Mumbai",1,3,3,Bad,0,0,0,N/A,0,N/A,N/A
275,SP Narine,West Indies,"Arun Jaitley Stadium, Delhi",1,4,4,Bad,1,37,25,8.88,0,N/A,Average
275,SP Narine,West Indies,"Bharat Ratna Shri Atal Bihari Vajpayee Ekana Cricket Stadium, Lucknow",1,81,81,Excellent,1,22,25,5.28,1,25,Excellent
275,SP Narine,West Indies,Dr YS Rajasekhara Reddy Cricket Stadium (Visakhapatnam),1,85,85,Excellent,1,30,24,7.5,1,24,Good
275,SP Narine,West Indies,"M.Chinnaswamy Stadium, Bengaluru",1,47,47,Excellent,2,82,48,10.25,1,48,Bad
275,SP Narine,West Indies,"Punjab Cricket Association IS Bindra Stadium, Mohali",1,7,7,Bad,1,40,25,9.6,1,25,Poor
275,SP Narine,West Indies,"Rajiv Gandhi International Stadium, Hyderabad",1,1,1,Bad,1,16,12,8,0,N/A,Average
277,SS Iyer,India,"Bharat Ratna Shri Atal Bihari Vajpayee Ekana Cricket Stadium, Lucknow",1,23,23,Average,0,0,0,N/A,0,N/A,N/A
277,SS Iyer,India,Dr YS Rajasekhara Reddy Cricket Stadium (Visakhapatnam),1,18,18,Poor,0,0,0,N/A,0,N/A,N/A
277,SS Iyer,India,"M.Chinnaswamy Stadium, Bengaluru",1,39,39,Good,0,0,0,N/A,0,N/A,N/A
277,SS Iyer,India,"Narendra Modi Stadium, Ahmedabad",1,58,58,Excellent,0,0,0,N/A,0,N/A,N/A
278,SS Prabhudessai,India,"Bharat Ratna Shri Atal Bihari Vajpayee Ekana Cricket Stadium, Lucknow",1,6,6,Bad,0,0,0,N/A,0,N/A,N/A
278,SS Prabhudessai,India,"Brabourne Stadium, Mumbai",1,15,15,Poor,0,0,0,N/A,0,N/A,N/A
278,SS Prabhudessai,India,"Eden Gardens, Kolkata",1,24,24,Average,0,0,0,N/A,0,N/A,N/A
278,SS Prabhudessai,India,"Maharashtra Cricket Association Stadium, Pune",1,2,2,Bad,0,0,0,N/A,0,N/A,N/A
278,SS Prabhudessai,India,"Wankhede Stadium, Mumbai",1,6,6,Bad,0,0,0,N/A,0,N/A,N/A
281,SV Samson,India,"Arun Jaitley Stadium, Delhi",1,86,86,Excellent,0,0,0,N/A,0,N/A,N/A
281,SV Samson,India,"Bharat Ratna Shri Atal Bihari Vajpayee Ekana Cricket Stadium, Lucknow",1,71,71,Excellent,0,0,0,N/A,0,N/A,N/A
281,SV Samson,India,Himachal Pradesh Cricket Association Stadium (Dharamsala),1,2,2,Bad,0,0,0,N/A,0,N/A,N/A
281,SV Samson,India,"M.Chinnaswamy Stadium, Bengaluru",1,22,22,Average,0,0,0,N/A,0,N/A,N/A
281,SV Samson,India,Maharaja Yadavindra Singh International Cricket St (Mullanpur),1,18,18,Poor,0,0,0,N/A,0,N/A,N/A
282,SW Billings,England,"Brabourne Stadium, Mumbai",1,15,15,Poor,0,0,0,N/A,0,N/A,N/A
283,SZ Mulani,India,"Narendra Modi Stadium, Ahmedabad",1,1,1,Bad,1,24,19,7.58,0,N/A,Good
285,Sameer Rizvi,India,"Bharat Ratna Shri Atal Bihari Vajpayee Ekana Cricket Stadium, Lucknow",1,1,1,Bad,0,0,0,N/A,0,N/A,N/A
285,Sameer Rizvi,India,Dr YS Rajasekhara Reddy Cricket Stadium (Visakhapatnam),1,0,0,Bad,0,0,0,N/A,0,N/A,N/A
287,Sanvir Singh,India,"Rajiv Gandhi International Stadium, Hyderabad",1,6,6,Bad,0,0,0,N/A,0,N/A,N/A
288,Saurav Chauhan,India,"M.Chinnaswamy Stadium, Bengaluru",1,0,0,Bad,0,0,0,N/A,0,N/A,N/A
288,Saurav Chauhan,India,"Sawai Mansingh Stadium, Jaipur",1,9,9,Bad,0,0,0,N/A,0,N/A,N/A
288,Saurav Chauhan,India,"Wankhede Stadium, Mumbai",1,9,9,Bad,0,0,0,N/A,0,N/A,N/A
289,Shahbaz Ahmed,India,"Arun Jaitley Stadium, Delhi",1,59,59,Excellent,1,22,6,22,0,N/A,Bad
289,Shahbaz Ahmed,India,Maharaja Yadavindra Singh International Cricket St (Mullanpur),1,14,14,Poor,1,10,6,10,0,N/A,Bad
289,Shahbaz Ahmed,India,"Punjab Cricket Association IS Bindra Stadium, Mohali",1,5,5,Bad,0,0,0,N/A,0,N/A,N/A
291,Shashank Singh,India,"Barsapara Cricket Stadium, Guwahati",1,0,0,Bad,0,0,0,N/A,0,N/A,N/A
291,Shashank Singh,India,"Bharat Ratna Shri Atal Bihari Vajpayee Ekana Cricket Stadium, Lucknow",1,9,9,Bad,0,0,0,N/A,0,N/A,N/A
291,Shashank Singh,India,"Brabourne Stadium, Mumbai",1,10,10,Poor,1,10,7,8.57,0,N/A,Average
291,Shashank Singh,India,"Eden Gardens, Kolkata",1,68,68,Excellent,0,0,0,N/A,0,N/A,N/A
291,Shashank Singh,India,"M.Chinnaswamy Stadium, Bengaluru",1,21,21,Average,0,0,0,N/A,0,N/A,N/A
291,Shashank Singh,India,"MA Chidambaram Stadium, Chennai",1,25,25,Average,0,0,0,N/A,0,N/A,N/A
291,Shashank Singh,India,"Narendra Modi Stadium, Ahmedabad",1,61,61,Excellent,0,0,0,N/A,0,N/A,N/A
291,Shashank Singh,India,"Rajiv Gandhi International Stadium, Hyderabad",1,2,2,Bad,1,5,6,5,1,6,Excellent
292,Shivam Mavi,India,"Brabourne Stadium, Mumbai",1,0,0,Bad,1,36,24,9,1,24,Poor
292,Shivam Mavi,India,"Dr DY Patil Sports Academy, Mumbai",1,2,2,Bad,1,36,27,8,1,27,Average
292,Shivam Mavi,India,"Maharashtra Cricket Association Stadium, Pune",1,1,1,Bad,1,50,25,12,1,25,Bad
293,Shivam Singh,India,"Rajiv Gandhi International Stadium, Hyderabad",1,2,2,Bad,0,0,0,N/A,0,N/A,N/A
294,Shubman Gill,India,Maharaja Yadavindra Singh International Cricket St (Mullanpur),1,35,35,Good,0,0,0,N/A,0,N/A,N/A
294,Shubman Gill,India,"Punjab Cricket Association IS Bindra Stadium, Mohali",1,67,67,Excellent,0,0,0,N/A,0,N/A,N/A
295,Sikandar Raza,Zimbabwe,"Arun Jaitley Stadium, Delhi",1,11,11,Poor,1,3,6,3,0,N/A,Excellent
295,Sikandar Raza,Zimbabwe,"Barsapara Cricket Stadium, Guwahati",1,1,1,Bad,1,24,14,10.29,0,N/A,Bad
295,Sikandar Raza,Zimbabwe,"Bharat Ratna Shri Atal Bihari Vajpayee Ekana Cricket Stadium, Lucknow",1,57,57,Excellent,1,23,13,10.62,1,13,Good
295,Sikandar Raza,Zimbabwe,"MA Chidambaram Stadium, Chennai",1,13,13,Poor,1,31,18,10.33,1,18,Average
295,Sikandar Raza,Zimbabwe,Maharaja Yadavindra Singh International Cricket St (Mullanpur),1,28,28,Average,0,0,0,N/A,0,N/A,N/A
295,Sikandar Raza,Zimbabwe,"Narendra Modi Stadium, Ahmedabad",1,15,15,Poor,1,22,12,11,0,N/A,Bad
295,Sikandar Raza,Zimbabwe,"Rajiv Gandhi International Stadium, Hyderabad",1,5,5,Bad,0,0,0,N/A,0,N/A,N/A
296,Simarjeet Singh,India,"Brabourne Stadium, Mumbai",1,3,3,Bad,1,23,18,7.67,1,18,Good
296,Simarjeet Singh,India,"Maharashtra Cricket Association Stadium, Pune",1,2,2,Bad,2,45,26,10.38,0,N/A,Bad
296,Simarjeet Singh,India,"Wankhede Stadium, Mumbai",1,2,2,Bad,2,48,44,6.55,1,44,Excellent
297,Sumit Kumar,India,Dr YS Rajasekhara Reddy Cricket Stadium (Visakhapatnam),1,7,7,Bad,1,19,12,9.5,0,N/A,Poor
297,Sumit Kumar,India,Maharaja Yadavindra Singh International Cricket St (Mullanpur),1,2,2,Bad,1,19,10,11.4,0,N/A,Bad
297,Sumit Kumar,India,"Narendra Modi Stadium, Ahmedabad",1,9,9,Bad,0,0,0,N/A,0,N/A,N/A
299,Swapnil Singh,India,Himachal Pradesh Cricket Association Stadium (Dharamsala),1,1,1,Bad,1,28,18,9.33,2,9,Excellent
299,Swapnil Singh,India,"Rajiv Gandhi International Stadium, Hyderabad",1,12,12,Poor,1,40,19,12.63,2,9.5,Excellent
300,T Kohler-Cadmore,England,"Barsapara Cricket Stadium, Guwahati",1,18,18,Poor,0,0,0,N/A,0,N/A,N/A
300,T Kohler-Cadmore,England,"MA Chidambaram Stadium, Chennai",1,10,10,Poor,0,0,0,N/A,0,N/A,N/A
300,T Kohler-Cadmore,England,"Narendra Modi Stadium, Ahmedabad",1,20,20,Average,0,0,0,N/A,0,N/A,N/A
303,T Stubbs,South Africa,"Bharat Ratna Shri Atal Bihari Vajpayee Ekana Cricket Stadium, Lucknow",1,15,15,Poor,0,0,0,N/A,0,N/A,N/A
303,T Stubbs,South Africa,"Eden Gardens, Kolkata",1,4,4,Bad,0,0,0,N/A,0,N/A,N/A
303,T Stubbs,South Africa,"M.Chinnaswamy Stadium, Bengaluru",1,3,3,Bad,0,0,0,N/A,0,N/A,N/A
303,T Stubbs,South Africa,"MA Chidambaram Stadium, Chennai",1,20,20,Average,1,14,12,7,1,12,Excellent
303,T Stubbs,South Africa,Maharaja Yadavindra Singh International Cricket St (Mullanpur),1,5,5,Bad,0,0,0,N/A,0,N/A,N/A
303,T Stubbs,South Africa,"Sawai Mansingh Stadium, Jaipur",1,44,44,Excellent,0,0,0,N/A,0,N/A,N/A
304,TA Boult,New Zealand,"Arun Jaitley Stadium, Delhi",1,2,2,Bad,1,48,24,12,1,24,Poor
304,TA Boult,New Zealand,"Barsapara Cricket Stadium, Guwahati",1,12,12,Poor,3,94,67,8.42,4,16.75,Average
304,TA Boult,New Zealand,"Brabourne Stadium, Mumbai",1,17,17,Poor,3,111,72,9.25,4,18,Average
304,TA Boult,New Zealand,"Eden Gardens, Kolkata",1,0,0,Bad,3,85,66,7.73,4,16.5,Good
304,TA Boult,New Zealand,Himachal Pradesh Cricket Association Stadium (Dharamsala),1,1,1,Bad,1,35,25,8.4,1,25,Average
304,TA Boult,New Zealand,"MA Chidambaram Stadium, Chennai",1,0,0,Bad,2,69,41,10.1,3,13.66666667,Good
304,TA Boult,New Zealand,"Maharashtra Cricket Association Stadium, Pune",1,5,5,Bad,2,49,45,6.53,2,22.5,Excellent
304,TA Boult,New Zealand,"Sawai Mansingh Stadium, Jaipur",1,15,15,Poor,7,182,142,7.69,5,28.4,Good
305,TG Southee,New Zealand,"Maharashtra Cricket Association Stadium, Pune",1,0,0,Bad,2,52,48,6.5,5,9.6,Excellent
305,TG Southee,New Zealand,"Wankhede Stadium, Mumbai",1,0,0,Bad,3,117,77,9.12,4,19.25,Average
306,TH David,Australia,"Eden Gardens, Kolkata",1,0,0,Bad,0,0,0,N/A,0,N/A,N/A
306,TH David,Australia,"M.Chinnaswamy Stadium, Bengaluru",1,4,4,Bad,0,0,0,N/A,0,N/A,N/A
306,TH David,Australia,Maharaja Yadavindra Singh International Cricket St (Mullanpur),1,14,14,Poor,0,0,0,N/A,0,N/A,N/A
306,TH David,Australia,"Punjab Cricket Association IS Bindra Stadium, Mohali",1,19,19,Poor,0,0,0,N/A,0,N/A,N/A
306,TH David,Australia,"Sawai Mansingh Stadium, Jaipur",1,3,3,Bad,0,0,0,N/A,0,N/A,N/A
308,TL Seifert,New Zealand,"Brabourne Stadium, Mumbai",1,21,21,Average,0,0,0,N/A,0,N/A,N/A
308,TL Seifert,New Zealand,"Maharashtra Cricket Association Stadium, Pune",1,3,3,Bad,0,0,0,N/A,0,N/A,N/A
309,TM Head,Australia,"Arun Jaitley Stadium, Delhi",1,89,89,Excellent,0,0,0,N/A,0,N/A,N/A
309,TM Head,Australia,"M.Chinnaswamy Stadium, Bengaluru",1,102,102,Excellent,0,0,0,N/A,0,N/A,N/A
309,TM Head,Australia,Maharaja Yadavindra Singh International Cricket St (Mullanpur),1,21,21,Average,0,0,0,N/A,0,N/A,N/A
309,TM Head,Australia,"Wankhede Stadium, Mumbai",1,48,48,Excellent,0,0,0,N/A,0,N/A,N/A
310,TS Mills,England,"Brabourne Stadium, Mumbai",1,0,0,Bad,2,82,39,12.62,1,39,Bad
310,TS Mills,England,"Maharashtra Cricket Association Stadium, Pune",1,0,0,Bad,2,75,44,10.23,2,22,Poor
311,TU Deshpande,India,Himachal Pradesh Cricket Association Stadium (Dharamsala),1,0,0,Bad,1,35,25,8.4,2,12.5,Average
311,TU Deshpande,India,"MA Chidambaram Stadium, Chennai",1,0,0,Bad,14,475,333,8.56,25,13.32,Good
312,Tanush Kotian,India,Maharaja Yadavindra Singh International Cricket St (Mullanpur),1,24,24,Average,0,0,0,N/A,0,N/A,N/A
313,Tilak Varma,India,"Bharat Ratna Shri Atal Bihari Vajpayee Ekana Cricket Stadium, Lucknow",1,7,7,Bad,0,0,0,N/A,0,N/A,N/A
313,Tilak Varma,India,"Eden Gardens, Kolkata",1,32,32,Good,0,0,0,N/A,0,N/A,N/A
313,Tilak Varma,India,"M.Chinnaswamy Stadium, Bengaluru",1,84,84,Excellent,0,0,0,N/A,0,N/A,N/A
313,Tilak Varma,India,"MA Chidambaram Stadium, Chennai",1,26,26,Average,0,0,0,N/A,0,N/A,N/A
313,Tilak Varma,India,Maharaja Yadavindra Singh International Cricket St (Mullanpur),1,34,34,Good,0,0,0,N/A,0,N/A,N/A
313,Tilak Varma,India,"Punjab Cricket Association IS Bindra Stadium, Mohali",1,26,26,Average,0,0,0,N/A,0,N/A,N/A
313,Tilak Varma,India,"Sawai Mansingh Stadium, Jaipur",1,65,65,Excellent,1,8,4,12,0,N/A,Bad
314,UT Yadav,India,"Arun Jaitley Stadium, Delhi",1,3,3,Bad,1,6,6,6,0,N/A,Excellent
314,UT Yadav,India,"Bharat Ratna Shri Atal Bihari Vajpayee Ekana Cricket Stadium, Lucknow",1,2,2,Bad,1,22,18,7.33,2,9,Excellent
314,UT Yadav,India,"MA Chidambaram Stadium, Chennai",1,10,10,Poor,1,27,13,12.46,0,N/A,Bad
314,UT Yadav,India,"Narendra Modi Stadium, Ahmedabad",1,5,5,Bad,5,140,91,9.23,6,15.16666667,Good
314,UT Yadav,India,"Wankhede Stadium, Mumbai",1,0,0,Bad,5,113,114,5.95,10,11.4,Excellent
315,Umran Malik,India,"Dr DY Patil Sports Academy, Mumbai",1,1,1,Bad,4,135,85,9.53,6,14.16666667,Good
315,Umran Malik,India,"Maharashtra Cricket Association Stadium, Pune",1,3,3,Bad,3,123,79,9.34,5,15.8,Good
315,Umran Malik,India,"Rajiv Gandhi International Stadium, Hyderabad",1,19,19,Poor,4,94,63,8.95,3,21,Average
317,V Kohli,India,"Arun Jaitley Stadium, Delhi",1,55,55,Excellent,0,0,0,N/A,0,N/A,N/A
317,V Kohli,India,"Bharat Ratna Shri Atal Bihari Vajpayee Ekana Cricket Stadium, Lucknow",1,31,31,Good,0,0,0,N/A,0,N/A,N/A
317,V Kohli,India,Himachal Pradesh Cricket Association Stadium (Dharamsala),1,92,92,Excellent,0,0,0,N/A,0,N/A,N/A
317,V Kohli,India,"MA Chidambaram Stadium, Chennai",1,21,21,Average,0,0,0,N/A,0,N/A,N/A
317,V Kohli,India,"Punjab Cricket Association IS Bindra Stadium, Mohali",1,59,59,Excellent,0,0,0,N/A,0,N/A,N/A
318,V Shankar,India,"Arun Jaitley Stadium, Delhi",1,29,29,Average,0,0,0,N/A,0,N/A,N/A
318,V Shankar,India,"Dr DY Patil Sports Academy, Mumbai",1,2,2,Bad,1,1,3,2,0,N/A,Excellent
318,V Shankar,India,"Eden Gardens, Kolkata",1,51,51,Excellent,0,0,0,N/A,0,N/A,N/A
318,V Shankar,India,"Sawai Mansingh Stadium, Jaipur",1,16,16,Poor,0,0,0,N/A,0,N/A,N/A
319,V Viyaskanth,Sri Lanka,"Narendra Modi Stadium, Ahmedabad",1,7,7,Bad,1,22,12,11,0,N/A,Bad
320,VG Arora,India,"Dr DY Patil Sports Academy, Mumbai",1,0,0,Bad,1,36,23,9.39,0,N/A,Poor
320,VG Arora,India,"Eden Gardens, Kolkata",1,1,1,Bad,6,192,127,9.07,6,21.16666667,Poor
320,VG Arora,India,"MA Chidambaram Stadium, Chennai",1,1,1,Bad,3,84,72,7,4,18,Good
320,VG Arora,India,"Rajiv Gandhi International Stadium, Hyderabad",1,2,2,Bad,1,33,21,9.43,2,10.5,Excellent
322,VR Iyer,India,"Arun Jaitley Stadium, Delhi",1,0,0,Bad,0,0,0,N/A,0,N/A,N/A
322,VR Iyer,India,"Bharat Ratna Shri Atal Bihari Vajpayee Ekana Cricket Stadium, Lucknow",1,1,1,Bad,0,0,0,N/A,0,N/A,N/A
322,VR Iyer,India,Dr YS Rajasekhara Reddy Cricket Stadium (Visakhapatnam),1,5,5,Bad,1,28,6,28,0,N/A,Bad
322,VR Iyer,India,"Punjab Cricket Association IS Bindra Stadium, Mohali",1,34,34,Good,0,0,0,N/A,0,N/A,N/A
322,VR Iyer,India,"Rajiv Gandhi International Stadium, Hyderabad",1,7,7,Bad,0,0,0,N/A,0,N/A,N/A
323,Vijaykumar Vyshak,India,"Wankhede Stadium, Mumbai",1,0,0,Bad,2,69,38,10.89,3,12.66666667,Bad
325,Vishnu Vinod,India,"Bharat Ratna Shri Atal Bihari Vajpayee Ekana Cricket Stadium, Lucknow",1,2,2,Bad,0,0,0,N/A,0,N/A,N/A
325,Vishnu Vinod,India,"Narendra Modi Stadium, Ahmedabad",1,5,5,Bad,0,0,0,N/A,0,N/A,N/A
325,Vishnu Vinod,India,"Wankhede Stadium, Mumbai",1,30,30,Good,0,0,0,N/A,0,N/A,N/A
326,Vivrant Sharma,India,"Wankhede Stadium, Mumbai",1,69,69,Excellent,1,19,8,14.25,0,N/A,Bad
327,WD Parnell,South Africa,"M.Chinnaswamy Stadium, Bengaluru",1,2,2,Bad,4,159,96,9.94,5,19.2,Average
328,WG Jacks,England,"Eden Gardens, Kolkata",1,55,55,Excellent,0,0,0,N/A,0,N/A,N/A
328,WG Jacks,England,Himachal Pradesh Cricket Association Stadium (Dharamsala),1,12,12,Poor,1,5,6,5,0,N/A,Excellent
328,WG Jacks,England,"Narendra Modi Stadium, Ahmedabad",1,100,100,Excellent,0,0,0,N/A,0,N/A,N/A
328,WG Jacks,England,"Rajiv Gandhi International Stadium, Hyderabad",1,6,6,Bad,1,23,12,11.5,1,12,Excellent
328,WG Jacks,England,"Wankhede Stadium, Mumbai",1,8,8,Bad,1,24,12,12,1,12,Excellent
329,WP Saha,India,"Bharat Ratna Shri Atal Bihari Vajpayee Ekana Cricket Stadium, Lucknow",1,47,47,Excellent,0,0,0,N/A,0,N/A,N/A
329,WP Saha,India,Maharaja Yadavindra Singh International Cricket St (Mullanpur),1,13,13,Poor,0,0,0,N/A,0,N/A,N/A
329,WP Saha,India,"Punjab Cricket Association IS Bindra Stadium, Mohali",1,30,30,Good,0,0,0,N/A,0,N/A,N/A
329,WP Saha,India,"Sawai Mansingh Stadium, Jaipur",1,41,41,Excellent,0,0,0,N/A,0,N/A,N/A
330,Washington Sundar,India,"Bharat Ratna Shri Atal Bihari Vajpayee Ekana Cricket Stadium, Lucknow",1,16,16,Poor,1,11,6,11,0,N/A,Bad
330,Washington Sundar,India,"Dr DY Patil Sports Academy, Mumbai",1,18,18,Poor,3,63,66,5.73,4,16.5,Excellent
330,Washington Sundar,India,"MA Chidambaram Stadium, Chennai",1,9,9,Bad,1,16,16,6,0,N/A,Excellent
330,Washington Sundar,India,"Narendra Modi Stadium, Ahmedabad",1,0,0,Bad,1,27,18,9,0,N/A,Poor
331,YBK Jaiswal,India,"Arun Jaitley Stadium, Delhi",1,4,4,Bad,0,0,0,N/A,0,N/A,N/A
331,YBK Jaiswal,India,"Bharat Ratna Shri Atal Bihari Vajpayee Ekana Cricket Stadium, Lucknow",1,24,24,Average,0,0,0,N/A,0,N/A,N/A
331,YBK Jaiswal,India,Himachal Pradesh Cricket Association Stadium (Dharamsala),1,50,50,Excellent,0,0,0,N/A,0,N/A,N/A
331,YBK Jaiswal,India,"M.Chinnaswamy Stadium, Bengaluru",1,47,47,Excellent,0,0,0,N/A,0,N/A,N/A
331,YBK Jaiswal,India,Maharaja Yadavindra Singh International Cricket St (Mullanpur),1,39,39,Good,0,0,0,N/A,0,N/A,N/A
331,YBK Jaiswal,India,"Maharashtra Cricket Association Stadium, Pune",1,20,20,Average,0,0,0,N/A,0,N/A,N/A
332,YS Chahal,India,"Dr DY Patil Sports Academy, Mumbai",1,5,5,Bad,4,136,99,8.24,5,19.8,Average
333,YV Dhull,India,"M.Chinnaswamy Stadium, Bengaluru",1,1,1,Bad,0,0,0,N/A,0,N/A,N/A
334,Yash Dayal,India,"Dr DY Patil Sports Academy, Mumbai",1,0,0,Bad,2,82,51,9.65,5,10.2,Excellent
336,Yudhvir Singh,India,"Arun Jaitley Stadium, Delhi",1,14,14,Poor,1,28,12,14,0,N/A,Bad
336,Yudhvir Singh,India,"Sawai Mansingh Stadium, Jaipur",1,1,1,Bad,1,27,13,12.46,0,N/A,Bad
1,A Badoni,India,"Brabourne Stadium, Mumbai",2,19,9.5,Bad,1,6,6,6,1,6,Excellent
1,A Badoni,India,"Eden Gardens, Kolkata",2,54,27,Average,0,0,0,N/A,0,N/A,N/A
1,A Badoni,India,"M.Chinnaswamy Stadium, Bengaluru",2,30,15,Poor,0,0,0,N/A,0,N/A,N/A
1,A Badoni,India,"MA Chidambaram Stadium, Chennai",2,24,12,Poor,0,0,0,N/A,0,N/A,N/A
1,A Badoni,India,"Sawai Mansingh Stadium, Jaipur",2,2,1,Bad,1,6,6,6,0,N/A,Excellent
3,A Manohar,India,"Maharashtra Cricket Association Stadium, Pune",2,13,6.5,Bad,0,0,0,N/A,0,N/A,N/A
8,A Zampa,Australia,"Sawai Mansingh Stadium, Jaipur",2,9,4.5,Bad,3,88,60,8.8,5,12,Excellent
9,AA Kulkarni,India,"Bharat Ratna Shri Atal Bihari Vajpayee Ekana Cricket Stadium, Lucknow",2,9,4.5,Bad,0,0,0,N/A,0,N/A,N/A
11,AD Russell,West Indies,"MA Chidambaram Stadium, Chennai",2,12,6,Bad,2,27,23,7.04,3,7.666666667,Excellent
13,AJ Finch,Australia,"Brabourne Stadium, Mumbai",2,65,32.5,Good,0,0,0,N/A,0,N/A,N/A
13,AJ Finch,Australia,"Wankhede Stadium, Mumbai",2,7,3.5,Bad,0,0,0,N/A,0,N/A,N/A
15,AJ Turner,Australia,"Bharat Ratna Shri Atal Bihari Vajpayee Ekana Cricket Stadium, Lucknow",2,21,10.5,Poor,0,0,0,N/A,0,N/A,N/A
17,AK Markram,South Africa,"Arun Jaitley Stadium, Delhi",2,9,4.5,Bad,0,0,0,N/A,0,N/A,N/A
17,AK Markram,South Africa,"Brabourne Stadium, Mumbai",2,110,55,Excellent,1,11,6,11,0,N/A,Bad
17,AK Markram,South Africa,"Eden Gardens, Kolkata",2,68,34,Good,0,0,0,N/A,0,N/A,N/A
17,AK Markram,South Africa,"Narendra Modi Stadium, Ahmedabad",2,27,13.5,Poor,1,13,6,13,0,N/A,Bad
18,AM Rahane,India,"Dr DY Patil Sports Academy, Mumbai",2,34,17,Poor,0,0,0,N/A,0,N/A,N/A
18,AM Rahane,India,"M.Chinnaswamy Stadium, Bengaluru",2,70,35,Good,0,0,0,N/A,0,N/A,N/A
18,AM Rahane,India,"Maharashtra Cricket Association Stadium, Pune",2,35,17.5,Poor,0,0,0,N/A,0,N/A,N/A
18,AM Rahane,India,"Narendra Modi Stadium, Ahmedabad",2,28,14,Poor,0,0,0,N/A,0,N/A,N/A
19,AR Patel,India,"Brabourne Stadium, Mumbai",2,60,30,Good,3,84,66,7.64,2,33,Good
19,AR Patel,India,"Dr DY Patil Sports Academy, Mumbai",2,18,9,Bad,4,73,66,6.64,2,33,Excellent
19,AR Patel,India,Dr YS Rajasekhara Reddy Cricket Stadium (Visakhapatnam),2,7,3.5,Bad,2,39,24,9.75,1,24,Poor
19,AR Patel,India,"M.Chinnaswamy Stadium, Bengaluru",2,78,39,Good,2,49,36,8.17,1,36,Average
20,AS Joseph,West Indies,"Dr DY Patil Sports Academy, Mumbai",2,5,2.5,Bad,2,58,44,7.91,1,44,Good
22,AT Rayudu,India,"Maharashtra Cricket Association Stadium, Pune",2,56,28,Average,0,0,0,N/A,0,N/A,N/A
22,AT Rayudu,India,"Narendra Modi Stadium, Ahmedabad",2,31,15.5,Poor,0,0,0,N/A,0,N/A,N/A
25,Abdul Samad,India,"Arun Jaitley Stadium, Delhi",2,41,20.5,Average,0,0,0,N/A,0,N/A,N/A
26,Abhishek Sharma,India,"Arun Jaitley Stadium, Delhi",2,113,56.5,Excellent,1,26,18,8.67,1,18,Average
26,Abhishek Sharma,India,"Eden Gardens, Kolkata",2,64,32,Good,0,0,0,N/A,0,N/A,N/A
27,Abishek Porel,India,Dr YS Rajasekhara Reddy Cricket Stadium (Visakhapatnam),2,9,4.5,Bad,0,0,0,N/A,0,N/A,N/A
27,Abishek Porel,India,"M.Chinnaswamy Stadium, Bengaluru",2,7,3.5,Bad,0,0,0,N/A,0,N/A,N/A
32,Anmolpreet Singh,India,"Rajiv Gandhi International Stadium, Hyderabad",2,41,20.5,Average,0,0,0,N/A,0,N/A,N/A
35,Arshad Khan,India,"Wankhede Stadium, Mumbai",2,2,1,Bad,3,86,51,10.12,3,17,Average
37,Arshdeep Singh,India,"Brabourne Stadium, Mumbai",2,19,9.5,Bad,4,89,71,7.52,2,35.5,Good
37,Arshdeep Singh,India,"Dr DY Patil Sports Academy, Mumbai",2,2,1,Bad,4,146,104,8.42,5,20.8,Average
38,Ashutosh Sharma,India,Himachal Pradesh Cricket Association Stadium (Dharamsala),2,11,5.5,Bad,0,0,0,N/A,0,N/A,N/A
39,Atharva Taide,India,Himachal Pradesh Cricket Association Stadium (Dharamsala),2,74,37,Good,0,0,0,N/A,0,N/A,N/A
39,Atharva Taide,India,"Punjab Cricket Association IS Bindra Stadium, Mohali",2,70,35,Good,0,0,0,N/A,0,N/A,N/A
40,Avesh Khan,India,"Maharashtra Cricket Association Stadium, Pune",2,14,7,Bad,3,72,64,6.75,5,12.8,Excellent
42,B Indrajith,India,"Wankhede Stadium, Mumbai",2,21,10.5,Poor,0,0,0,N/A,0,N/A,N/A
43,B Kumar,India,"MA Chidambaram Stadium, Chennai",2,4,2,Bad,4,108,67,9.67,1,67,Poor
43,B Kumar,India,"Maharashtra Cricket Association Stadium, Pune",2,9,4.5,Bad,3,83,80,6.22,2,40,Excellent
43,B Kumar,India,"Narendra Modi Stadium, Ahmedabad",2,27,13.5,Poor,3,90,67,8.06,6,11.16666667,Excellent
43,B Kumar,India,"Wankhede Stadium, Mumbai",2,9,4.5,Bad,6,173,133,7.8,4,33.25,Good
44,B Sai Sudharsan,India,"Arun Jaitley Stadium, Delhi",2,127,63.5,Excellent,0,0,0,N/A,0,N/A,N/A
44,B Sai Sudharsan,India,"Dr DY Patil Sports Academy, Mumbai",2,76,38,Good,0,0,0,N/A,0,N/A,N/A
48,C Green,Australia,"Rajiv Gandhi International Stadium, Hyderabad",2,101,50.5,Excellent,2,44,38,6.95,3,12.66666667,Excellent
55,CV Varun,India,"Brabourne Stadium, Mumbai",2,2,1,Bad,3,123,57,12.95,1,57,Bad
59,D Padikkal,India,"M.Chinnaswamy Stadium, Bengaluru",2,58,29,Average,0,0,0,N/A,0,N/A,N/A
59,D Padikkal,India,"MA Chidambaram Stadium, Chennai",2,51,25.5,Average,0,0,0,N/A,0,N/A,N/A
59,D Padikkal,India,"Maharashtra Cricket Association Stadium, Pune",2,48,24,Average,0,0,0,N/A,0,N/A,N/A
60,D Pretorius,South Africa,"Brabourne Stadium, Mumbai",2,8,4,Bad,2,63,55,6.87,4,13.75,Excellent
61,D Wiese,Namibia,"Eden Gardens, Kolkata",2,9,4.5,Bad,1,38,18,12.67,0,N/A,Bad
62,DA Miller,South Africa,"Arun Jaitley Stadium, Delhi",2,86,43,Excellent,0,0,0,N/A,0,N/A,N/A
62,DA Miller,South Africa,"Eden Gardens, Kolkata",2,100,50,Excellent,0,0,0,N/A,0,N/A,N/A
62,DA Miller,South Africa,"M.Chinnaswamy Stadium, Bengaluru",2,36,18,Poor,0,0,0,N/A,0,N/A,N/A
62,DA Miller,South Africa,"MA Chidambaram Stadium, Chennai",2,25,12.5,Poor,0,0,0,N/A,0,N/A,N/A
63,DA Warner,Australia,"Bharat Ratna Shri Atal Bihari Vajpayee Ekana Cricket Stadium, Lucknow",2,64,32,Good,0,0,0,N/A,0,N/A,N/A
63,DA Warner,Australia,Dr YS Rajasekhara Reddy Cricket Stadium (Visakhapatnam),2,70,35,Excellent,0,0,0,N/A,0,N/A,N/A
63,DA Warner,Australia,"M.Chinnaswamy Stadium, Bengaluru",2,20,10,Poor,0,0,0,N/A,0,N/A,N/A
65,DJ Bravo,West Indies,"Brabourne Stadium, Mumbai",2,1,0.5,Bad,2,68,47,8.68,2,23.5,Average
66,DJ Hooda,India,"Eden Gardens, Kolkata",2,53,26.5,Average,0,0,0,N/A,0,N/A,N/A
66,DJ Hooda,India,"Sawai Mansingh Stadium, Jaipur",2,28,14,Poor,0,0,0,N/A,0,N/A,N/A
69,DJ Willey,England,"M.Chinnaswamy Stadium, Bengaluru",2,15,7.5,Bad,3,90,69,7.83,2,34.5,Good
71,DP Conway,New Zealand,"Maharashtra Cricket Association Stadium, Pune",2,141,70.5,Excellent,0,0,0,N/A,0,N/A,N/A
71,DP Conway,New Zealand,"Narendra Modi Stadium, Ahmedabad",2,48,24,Average,0,0,0,N/A,0,N/A,N/A
72,DR Sams,Australia,"Brabourne Stadium, Mumbai",2,7,3.5,Bad,2,75,44,10.23,1,44,Bad
75,Dhruv Jurel,India,"Narendra Modi Stadium, Ahmedabad",2,26,13,Poor,0,0,0,N/A,0,N/A,N/A
76,E Lewis,West Indies,"Dr DY Patil Sports Academy, Mumbai",2,6,3,Bad,0,0,0,N/A,0,N/A,N/A
78,F du Plessis,South Africa,"Rajiv Gandhi International Stadium, Hyderabad",2,96,48,Excellent,0,0,0,N/A,0,N/A,N/A
78,F du Plessis,South Africa,"Sawai Mansingh Stadium, Jaipur",2,99,49.5,Excellent,0,0,0,N/A,0,N/A,N/A
81,G Coetzee,South Africa,"Wankhede Stadium, Mumbai",2,12,6,Bad,5,175,103,10.19,6,17.16666667,Average
84,GJ Maxwell,Australia,"Dr DY Patil Sports Academy, Mumbai",2,49,24.5,Average,2,40,31,7.74,2,15.5,Good
84,GJ Maxwell,Australia,"Eden Gardens, Kolkata",2,14,7,Bad,0,0,0,N/A,0,N/A,N/A
84,GJ Maxwell,Australia,"Narendra Modi Stadium, Ahmedabad",2,24,12,Poor,2,45,36,7.5,1,36,Good
84,GJ Maxwell,Australia,"Sawai Mansingh Stadium, Jaipur",2,55,27.5,Average,1,3,6,3,1,6,Excellent
87,H Klaasen,South Africa,"Arun Jaitley Stadium, Delhi",2,68,34,Good,0,0,0,N/A,0,N/A,N/A
87,H Klaasen,South Africa,"Eden Gardens, Kolkata",2,79,39.5,Good,0,0,0,N/A,0,N/A,N/A
87,H Klaasen,South Africa,"Wankhede Stadium, Mumbai",2,20,10,Poor,0,0,0,N/A,0,N/A,N/A
90,HE van der Dussen,South Africa,"Dr DY Patil Sports Academy, Mumbai",2,18,9,Bad,0,0,0,N/A,0,N/A,N/A
91,HH Pandya,India,"Arun Jaitley Stadium, Delhi",2,51,25.5,Average,2,63,30,12.6,0,N/A,Bad
91,HH Pandya,India,"Bharat Ratna Shri Atal Bihari Vajpayee Ekana Cricket Stadium, Lucknow",2,66,33,Good,2,33,31,6.39,3,10.33333333,Excellent
91,HH Pandya,India,"Maharashtra Cricket Association Stadium, Pune",2,42,21,Average,2,32,30,6.4,1,30,Excellent
91,HH Pandya,India,"Sawai Mansingh Stadium, Jaipur",2,49,24.5,Average,2,44,24,11,1,24,Poor
92,HR Shokeen,India,"Wankhede Stadium, Mumbai",2,36,18,Poor,6,138,107,7.74,2,53.5,Good
93,HV Patel,India,"Brabourne Stadium, Mumbai",2,15,7.5,Bad,3,89,62,8.61,6,10.33333333,Excellent
93,HV Patel,India,"Dr DY Patil Sports Academy, Mumbai",2,10,5,Bad,3,94,80,7.05,5,16,Good
93,HV Patel,India,Himachal Pradesh Cricket Association Stadium (Dharamsala),2,12,6,Bad,2,63,51,7.41,6,8.5,Excellent
93,HV Patel,India,Maharaja Yadavindra Singh International Cricket St (Mullanpur),2,1,0.5,Bad,5,149,105,8.51,14,7.5,Excellent
95,Harpreet Brar,India,Himachal Pradesh Cricket Association Stadium (Dharamsala),2,17,8.5,Bad,2,58,26,13.38,0,N/A,Bad
95,Harpreet Brar,India,"Punjab Cricket Association IS Bindra Stadium, Mohali",2,21,10.5,Poor,4,80,60,8,3,20,Average
95,Harpreet Brar,India,"Wankhede Stadium, Mumbai",2,19,9.5,Bad,3,61,49,7.47,3,16.33333333,Good
96,Harpreet Singh,India,Maharaja Yadavindra Singh International Cricket St (Mullanpur),2,27,13.5,Poor,0,0,0,N/A,0,N/A,N/A
101,Ishan Kishan,India,"Arun Jaitley Stadium, Delhi",2,51,25.5,Average,0,0,0,N/A,0,N/A,N/A
101,Ishan Kishan,India,"Bharat Ratna Shri Atal Bihari Vajpayee Ekana Cricket Stadium, Lucknow",2,91,45.5,Excellent,0,0,0,N/A,0,N/A,N/A
101,Ishan Kishan,India,"MA Chidambaram Stadium, Chennai",2,22,11,Poor,0,0,0,N/A,0,N/A,N/A
101,Ishan Kishan,India,"Narendra Modi Stadium, Ahmedabad",2,13,6.5,Bad,0,0,0,N/A,0,N/A,N/A
101,Ishan Kishan,India,"Rajiv Gandhi International Stadium, Hyderabad",2,72,36,Good,0,0,0,N/A,0,N/A,N/A
104,J Suchith,India,"Wankhede Stadium, Mumbai",2,2,1,Bad,2,69,52,7.96,3,17.33333333,Good
108,JC Buttler,England,"Barsapara Cricket Stadium, Guwahati",2,98,49,Excellent,0,0,0,N/A,0,N/A,N/A
108,JC Buttler,England,"MA Chidambaram Stadium, Chennai",2,73,36.5,Good,0,0,0,N/A,0,N/A,N/A
108,JC Buttler,England,"Maharashtra Cricket Association Stadium, Pune",2,43,21.5,Average,0,0,0,N/A,0,N/A,N/A
108,JC Buttler,England,"Rajiv Gandhi International Stadium, Hyderabad",2,54,27,Average,0,0,0,N/A,0,N/A,N/A
109,JD Unadkat,India,"Maharashtra Cricket Association Stadium, Pune",2,25,12.5,Poor,2,75,49,9.18,3,16.33333333,Poor
114,JM Bairstow,England,Himachal Pradesh Cricket Association Stadium (Dharamsala),2,34,17,Poor,0,0,0,N/A,0,N/A,N/A
114,JM Bairstow,England,"Maharashtra Cricket Association Stadium, Pune",2,44,22,Average,0,0,0,N/A,0,N/A,N/A
115,JM Sharma,India,"Barsapara Cricket Stadium, Guwahati",2,49,24.5,Average,0,0,0,N/A,0,N/A,N/A
115,JM Sharma,India,"Bharat Ratna Shri Atal Bihari Vajpayee Ekana Cricket Stadium, Lucknow",2,8,4,Bad,0,0,0,N/A,0,N/A,N/A
115,JM Sharma,India,"Dr DY Patil Sports Academy, Mumbai",2,55,27.5,Average,0,0,0,N/A,0,N/A,N/A
115,JM Sharma,India,"Maharashtra Cricket Association Stadium, Pune",2,32,16,Poor,0,0,0,N/A,0,N/A,N/A
115,JM Sharma,India,"Rajiv Gandhi International Stadium, Hyderabad",2,36,18,Poor,0,0,0,N/A,0,N/A,N/A
116,JO Holder,West Indies,"Dr DY Patil Sports Academy, Mumbai",2,24,12,Poor,4,137,105,7.83,6,17.5,Good
117,JP Behrendorff,Australia,"Narendra Modi Stadium, Ahmedabad",2,6,3,Bad,2,65,50,7.8,1,50,Good
118,JR Hazlewood,Australia,"Brabourne Stadium, Mumbai",2,10,5,Bad,3,132,66,12,0,N/A,Bad
120,K Gowtham,India,"MA Chidambaram Stadium, Chennai",2,19,9.5,Bad,2,28,12,14,0,N/A,Bad
123,K Rabada,South Africa,Maharaja Yadavindra Singh International Cricket St (Mullanpur),2,9,4.5,Bad,5,175,122,7.055,5,22.33333334,Excellent
128,KD Karthik,India,"Narendra Modi Stadium, Ahmedabad",2,17,8.5,Bad,0,0,0,N/A,0,N/A,N/A
129,KH Pandya,India,"Brabourne Stadium, Mumbai",2,26,13,Poor,3,70,43,9.77,0,N/A,Poor
129,KH Pandya,India,"MA Chidambaram Stadium, Chennai",2,17,8.5,Bad,3,80,48,10,0,N/A,Bad
129,KH Pandya,India,"Sawai Mansingh Stadium, Jaipur",2,7,3.5,Bad,1,20,24,5,0,N/A,Excellent
133,KL Rahul,India,"Eden Gardens, Kolkata",2,118,59,Excellent,0,0,0,N/A,0,N/A,N/A
133,KL Rahul,India,"M.Chinnaswamy Stadium, Bengaluru",2,38,19,Poor,0,0,0,N/A,0,N/A,N/A
133,KL Rahul,India,"MA Chidambaram Stadium, Chennai",2,36,18,Poor,0,0,0,N/A,0,N/A,N/A
133,KL Rahul,India,"Maharashtra Cricket Association Stadium, Pune",2,14,7,Bad,0,0,0,N/A,0,N/A,N/A
133,KL Rahul,India,"Sawai Mansingh Stadium, Jaipur",2,97,48.5,Excellent,0,0,0,N/A,0,N/A,N/A
136,KR Mayers,West Indies,"MA Chidambaram Stadium, Chennai",2,71,35.5,Good,1,16,13,7.38,0,N/A,Good
138,KS Bharat,India,"Dr DY Patil Sports Academy, Mumbai",2,8,4,Bad,0,0,0,N/A,0,N/A,N/A
140,KS Williamson,New Zealand,"Wankhede Stadium, Mumbai",2,13,6.5,Bad,0,0,0,N/A,0,N/A,N/A
142,KV Sharma,India,"Eden Gardens, Kolkata",2,21,10.5,Poor,2,60,42,8.57,2,21,Average
145,Kuldeep Yadav,India,"Dr DY Patil Sports Academy, Mumbai",2,7,3.5,Bad,4,108,78,8.31,4,19.5,Average
145,Kuldeep Yadav,India,"M.Chinnaswamy Stadium, Bengaluru",2,13,6.5,Bad,2,78,49,9.55,3,16.33333333,Poor
150,LH Ferguson,New Zealand,"Dr DY Patil Sports Academy, Mumbai",2,5,2.5,Bad,4,134,96,8.38,6,16,Good
152,LS Livingstone,England,"Maharashtra Cricket Association Stadium, Pune",2,20,10,Poor,2,34,19,10.74,0,N/A,Bad
153,Lalit Yadav,India,"Brabourne Stadium, Mumbai",2,49,24.5,Average,3,34,30,6.8,3,10,Excellent
155,M Ashwin,India,"Dr DY Patil Sports Academy, Mumbai",2,6,3,Bad,2,67,46,8.74,1,46,Average
156,M Jansen,South Africa,"Wankhede Stadium, Mumbai",2,25,12.5,Poor,2,113,46,14.74,1,46,Bad
157,M Markande,India,"Rajiv Gandhi International Stadium, Hyderabad",2,3,1.5,Bad,8,267,173,9.26,7,24.71428571,Poor
160,M Shahrukh Khan,India,"Arun Jaitley Stadium, Delhi",2,10,5,Bad,1,9,6,9,0,N/A,Poor
160,M Shahrukh Khan,India,"Dr DY Patil Sports Academy, Mumbai",2,50,25,Average,0,0,0,N/A,0,N/A,N/A
160,M Shahrukh Khan,India,Himachal Pradesh Cricket Association Stadium (Dharamsala),2,47,23.5,Average,0,0,0,N/A,0,N/A,N/A
160,M Shahrukh Khan,India,"Wankhede Stadium, Mumbai",2,19,9.5,Bad,0,0,0,N/A,0,N/A,N/A
164,MA Agarwal,India,"Dr DY Patil Sports Academy, Mumbai",2,32,16,Poor,0,0,0,N/A,0,N/A,N/A
164,MA Agarwal,India,"Eden Gardens, Kolkata",2,41,20.5,Average,0,0,0,N/A,0,N/A,N/A
164,MA Agarwal,India,"Maharashtra Cricket Association Stadium, Pune",2,77,38.5,Good,0,0,0,N/A,0,N/A,N/A
165,MA Starc,Australia,"Eden Gardens, Kolkata",2,8,4,Bad,6,242,125,11.62,7,17.85714286,Average
171,MJ Santner,New Zealand,"Narendra Modi Stadium, Ahmedabad",2,1,0.5,Bad,2,63,36,10.5,0,N/A,Bad
171,MJ Santner,New Zealand,"Wankhede Stadium, Mumbai",2,10,5,Bad,4,96,84,6.86,3,28,Excellent
173,MK Lomror,India,"Brabourne Stadium, Mumbai",2,22,11,Poor,0,0,0,N/A,0,N/A,N/A
173,MK Lomror,India,"Eden Gardens, Kolkata",2,18,9,Bad,0,0,0,N/A,0,N/A,N/A
173,MK Lomror,India,"Narendra Modi Stadium, Ahmedabad",2,40,20,Average,0,0,0,N/A,0,N/A,N/A
173,MK Lomror,India,"Wankhede Stadium, Mumbai",2,1,0.5,Bad,2,18,12,9,0,N/A,Poor
174,MK Pandey,India,"Brabourne Stadium, Mumbai",2,43,21.5,Average,0,0,0,N/A,0,N/A,N/A
174,MK Pandey,India,"Dr DY Patil Sports Academy, Mumbai",2,17,8.5,Bad,0,0,0,N/A,0,N/A,N/A
175,MM Ali,England,"Maharashtra Cricket Association Stadium, Pune",2,35,17.5,Poor,2,46,39,7.08,2,19.5,Good
175,MM Ali,England,"Narendra Modi Stadium, Ahmedabad",2,79,39.5,Good,0,0,0,N/A,0,N/A,N/A
175,MM Ali,England,"Wankhede Stadium, Mumbai",2,21,10.5,Poor,2,28,23,7.3,2,11.5,Excellent
176,MM Sharma,India,"Narendra Modi Stadium, Ahmedabad",2,2,1,Bad,12,351,253,8.32,31,8.161290323,Excellent
177,MP Stoinis,Australia,"Brabourne Stadium, Mumbai",2,37,18.5,Poor,2,28,18,9.33,1,18,Average
177,MP Stoinis,Australia,"M.Chinnaswamy Stadium, Bengaluru",2,89,44.5,Excellent,1,9,7,7.71,1,7,Excellent
177,MP Stoinis,Australia,"Rajiv Gandhi International Stadium, Hyderabad",2,43,21.5,Average,0,0,0,N/A,0,N/A,N/A
177,MP Stoinis,Australia,"Sawai Mansingh Stadium, Jaipur",2,24,12,Poor,1,28,24,7,2,12,Excellent
179,MR Marsh,Australia,Dr YS Rajasekhara Reddy Cricket Stadium (Visakhapatnam),2,18,9,Bad,2,51,29,10.55,1,29,Bad
180,MS Dhoni,India,"M.Chinnaswamy Stadium, Bengaluru",2,26,13,Poor,0,0,0,N/A,0,N/A,N/A
180,MS Dhoni,India,"Maharashtra Cricket Association Stadium, Pune",2,10,5,Bad,0,0,0,N/A,0,N/A,N/A
181,MS Wade,Australia,"Dr DY Patil Sports Academy, Mumbai",2,31,15.5,Poor,0,0,0,N/A,0,N/A,N/A
181,MS Wade,Australia,"Maharashtra Cricket Association Stadium, Pune",2,11,5.5,Bad,0,0,0,N/A,0,N/A,N/A
183,Mandeep Singh,India,"Brabourne Stadium, Mumbai",2,0,0,Bad,0,0,0,N/A,0,N/A,N/A
187,Mohammed Siraj,India,"Brabourne Stadium, Mumbai",2,11,5.5,Bad,3,90,52,10.38,0,N/A,Bad
187,Mohammed Siraj,India,"M.Chinnaswamy Stadium, Bengaluru",2,13,6.5,Bad,13,430,333,7.75,19,17.52631579,Good
189,Mohsin Khan,India,"Maharashtra Cricket Association Stadium, Pune",2,14,7,Bad,3,53,68,4.68,5,13.6,Excellent
192,Mukesh Kumar,India,"Arun Jaitley Stadium, Delhi",2,6,3,Bad,11,406,223,10.92,17,13.11764706,Good
195,N Jagadeesan,India,"Wankhede Stadium, Mumbai",2,39,19.5,Poor,0,0,0,N/A,0,N/A,N/A
196,N Pooran,West Indies,"Brabourne Stadium, Mumbai",2,67,33.5,Good,0,0,0,N/A,0,N/A,N/A
196,N Pooran,West Indies,"Eden Gardens, Kolkata",2,103,51.5,Excellent,0,0,0,N/A,0,N/A,N/A
196,N Pooran,West Indies,"M.Chinnaswamy Stadium, Bengaluru",2,102,51,Excellent,0,0,0,N/A,0,N/A,N/A
196,N Pooran,West Indies,"Rajiv Gandhi International Stadium, Hyderabad",2,92,46,Excellent,0,0,0,N/A,0,N/A,N/A
196,N Pooran,West Indies,"Sawai Mansingh Stadium, Jaipur",2,93,46.5,Excellent,0,0,0,N/A,0,N/A,N/A
199,N Wadhera,India,"Bharat Ratna Shri Atal Bihari Vajpayee Ekana Cricket Stadium, Lucknow",2,62,31,Good,0,0,0,N/A,0,N/A,N/A
199,N Wadhera,India,"MA Chidambaram Stadium, Chennai",2,87,43.5,Excellent,0,0,0,N/A,0,N/A,N/A
199,N Wadhera,India,"Narendra Modi Stadium, Ahmedabad",2,44,22,Average,0,0,0,N/A,0,N/A,N/A
207,Noor Ahmad,Afghanistan,"Narendra Modi Stadium, Ahmedabad",2,1,0.5,Bad,12,356,253,8.44,10,25.3,Average
209,OF Smith,West Indies,"Brabourne Stadium, Mumbai",2,3,1.5,Bad,2,49,31,9.48,2,15.5,Good
209,OF Smith,West Indies,"Dr DY Patil Sports Academy, Mumbai",2,38,19,Poor,2,61,31,11.81,0,N/A,Bad
211,P Simran Singh,India,"Barsapara Cricket Stadium, Guwahati",2,66,33,Good,0,0,0,N/A,0,N/A,N/A
211,P Simran Singh,India,"Bharat Ratna Shri Atal Bihari Vajpayee Ekana Cricket Stadium, Lucknow",2,23,11.5,Poor,0,0,0,N/A,0,N/A,N/A
211,P Simran Singh,India,"Eden Gardens, Kolkata",2,66,33,Good,0,0,0,N/A,0,N/A,N/A
211,P Simran Singh,India,"MA Chidambaram Stadium, Chennai",2,55,27.5,Average,0,0,0,N/A,0,N/A,N/A
211,P Simran Singh,India,"Rajiv Gandhi International Stadium, Hyderabad",2,71,35.5,Good,0,0,0,N/A,0,N/A,N/A
212,PBB Rajapaksa,Sri Lanka,"Brabourne Stadium, Mumbai",2,10,5,Bad,0,0,0,N/A,0,N/A,N/A
212,PBB Rajapaksa,Sri Lanka,"Punjab Cricket Association IS Bindra Stadium, Mohali",2,70,35,Good,0,0,0,N/A,0,N/A,N/A
213,PD Salt,England,"MA Chidambaram Stadium, Chennai",2,17,8.5,Bad,0,0,0,N/A,0,N/A,N/A
215,PJ Cummins,Australia,"Narendra Modi Stadium, Ahmedabad",2,32,16,Poor,2,70,44,9.55,2,22,Poor
217,PK Garg,India,"Wankhede Stadium, Mumbai",2,46,23,Average,0,0,0,N/A,0,N/A,N/A
220,PP Shaw,India,"Bharat Ratna Shri Atal Bihari Vajpayee Ekana Cricket Stadium, Lucknow",2,44,22,Average,0,0,0,N/A,0,N/A,N/A
220,PP Shaw,India,Dr YS Rajasekhara Reddy Cricket Stadium (Visakhapatnam),2,53,26.5,Excellent,0,0,0,N/A,0,N/A,N/A
221,PVD Chameera,Sri Lanka,"Maharashtra Cricket Association Stadium, Pune",2,17,8.5,Bad,3,65,70,5.57,3,23.33333333,Excellent
221,PVD Chameera,Sri Lanka,"Wankhede Stadium, Mumbai",2,14,7,Bad,4,109,95,6.88,3,31.66666667,Excellent
222,PWH de Silva,Sri Lanka,"Brabourne Stadium, Mumbai",2,9,4.5,Bad,3,50,54,5.56,4,13.5,Excellent
222,PWH de Silva,Sri Lanka,"Dr DY Patil Sports Academy, Mumbai",2,11,5.5,Bad,4,122,80,9.15,7,11.42857143,Excellent
222,PWH de Silva,Sri Lanka,"Maharashtra Cricket Association Stadium, Pune",2,18,9,Bad,3,82,67,7.34,5,13.4,Good
223,Q de Kock,South Africa,"Rajiv Gandhi International Stadium, Hyderabad",2,31,15.5,Poor,0,0,0,N/A,0,N/A,N/A
224,R Ashwin,India,"Barsapara Cricket Stadium, Guwahati",2,28,14,Poor,3,81,76,6.39,4,19,Excellent
224,R Ashwin,India,"Eden Gardens, Kolkata",2,10,5,Bad,3,121,80,9.07,1,80,Poor
224,R Ashwin,India,"Narendra Modi Stadium, Ahmedabad",2,16,8,Bad,4,120,93,7.74,3,31,Good
224,R Ashwin,India,"Rajiv Gandhi International Stadium, Hyderabad",2,3,1.5,Bad,2,63,51,7.41,1,51,Good
227,R Parag,India,"Eden Gardens, Kolkata",2,38,19,Poor,0,0,0,N/A,0,N/A,N/A
227,R Parag,India,"MA Chidambaram Stadium, Chennai",2,53,26.5,Average,0,0,0,N/A,0,N/A,N/A
227,R Parag,India,"Maharashtra Cricket Association Stadium, Pune",2,68,34,Good,1,14,6,14,0,N/A,Bad
227,R Parag,India,"Rajiv Gandhi International Stadium, Hyderabad",2,84,42,Excellent,0,0,0,N/A,0,N/A,N/A
228,R Powell,West Indies,"Arun Jaitley Stadium, Delhi",2,17,8.5,Bad,0,0,0,N/A,0,N/A,N/A
228,R Powell,West Indies,"Barsapara Cricket Stadium, Guwahati",2,6,3,Bad,1,18,14,7.71,1,14,Good
233,R Tewatia,India,"Bharat Ratna Shri Atal Bihari Vajpayee Ekana Cricket Stadium, Lucknow",2,32,16,Poor,1,8,7,6.86,0,N/A,Excellent
233,R Tewatia,India,"M.Chinnaswamy Stadium, Bengaluru",2,39,19.5,Poor,0,0,0,N/A,0,N/A,N/A
233,R Tewatia,India,"MA Chidambaram Stadium, Chennai",2,9,4.5,Bad,0,0,0,N/A,0,N/A,N/A
235,RA Jadeja,India,"Brabourne Stadium, Mumbai",2,17,8.5,Bad,2,55,39,8.46,1,39,Average
235,RA Jadeja,India,"M.Chinnaswamy Stadium, Bengaluru",2,52,26,Average,2,77,42,11,0,N/A,Bad
235,RA Jadeja,India,"Wankhede Stadium, Mumbai",2,47,23.5,Average,4,100,86,6.98,3,28.66666667,Excellent
236,RA Tripathi,India,"Eden Gardens, Kolkata",2,29,14.5,Poor,0,0,0,N/A,0,N/A,N/A
236,RA Tripathi,India,"Narendra Modi Stadium, Ahmedabad",2,56,28,Average,0,0,0,N/A,0,N/A,N/A
237,RD Chahar,India,"Dr DY Patil Sports Academy, Mumbai",2,25,12.5,Poor,4,84,83,6.07,3,27.66666667,Excellent
237,RD Chahar,India,Himachal Pradesh Cricket Association Stadium (Dharamsala),2,21,10.5,Poor,4,133,90,8.87,4,22.5,Average
238,RD Gaikwad,India,"M.Chinnaswamy Stadium, Bengaluru",2,3,1.5,Bad,0,0,0,N/A,0,N/A,N/A
239,RG Sharma,India,"Arun Jaitley Stadium, Delhi",2,73,36.5,Good,0,0,0,N/A,0,N/A,N/A
239,RG Sharma,India,"Bharat Ratna Shri Atal Bihari Vajpayee Ekana Cricket Stadium, Lucknow",2,41,20.5,Average,0,0,0,N/A,0,N/A,N/A
239,RG Sharma,India,"MA Chidambaram Stadium, Chennai",2,11,5.5,Bad,0,0,0,N/A,0,N/A,N/A
239,RG Sharma,India,"Rajiv Gandhi International Stadium, Hyderabad",2,54,27,Average,0,0,0,N/A,0,N/A,N/A
243,RK Singh,India,"M.Chinnaswamy Stadium, Bengaluru",2,23,11.5,Poor,0,0,0,N/A,0,N/A,N/A
243,RK Singh,India,"MA Chidambaram Stadium, Chennai",2,63,31.5,Good,0,0,0,N/A,0,N/A,N/A
243,RK Singh,India,"Maharashtra Cricket Association Stadium, Pune",2,11,5.5,Bad,0,0,0,N/A,0,N/A,N/A
244,RM Patidar,India,"Brabourne Stadium, Mumbai",2,78,39,Good,0,0,0,N/A,0,N/A,N/A
244,RM Patidar,India,"Eden Gardens, Kolkata",2,164,82,Excellent,0,0,0,N/A,0,N/A,N/A
244,RM Patidar,India,"Maharashtra Cricket Association Stadium, Pune",2,37,18.5,Poor,0,0,0,N/A,0,N/A,N/A
244,RM Patidar,India,"Narendra Modi Stadium, Ahmedabad",2,92,46,Excellent,0,0,0,N/A,0,N/A,N/A
244,RM Patidar,India,"Wankhede Stadium, Mumbai",2,98,49,Excellent,0,0,0,N/A,0,N/A,N/A
246,RR Pant,India,Dr YS Rajasekhara Reddy Cricket Stadium (Visakhapatnam),2,106,53,Excellent,0,0,0,N/A,0,N/A,N/A
247,RR Rossouw,South Africa,"Barsapara Cricket Stadium, Guwahati",2,36,18,Poor,0,0,0,N/A,0,N/A,N/A
247,RR Rossouw,South Africa,"MA Chidambaram Stadium, Chennai",2,78,39,Good,0,0,0,N/A,0,N/A,N/A
247,RR Rossouw,South Africa,Maharaja Yadavindra Singh International Cricket St (Mullanpur),2,10,5,Bad,0,0,0,N/A,0,N/A,N/A
250,RV Uthappa,India,"Brabourne Stadium, Mumbai",2,63,31.5,Good,0,0,0,N/A,0,N/A,N/A
250,RV Uthappa,India,"Maharashtra Cricket Association Stadium, Pune",2,4,2,Bad,0,0,0,N/A,0,N/A,N/A
251,Rahmanullah Gurbaz,Afghanistan,"MA Chidambaram Stadium, Chennai",2,40,20,Average,0,0,0,N/A,0,N/A,N/A
251,Rahmanullah Gurbaz,Afghanistan,"Narendra Modi Stadium, Ahmedabad",2,38,19,Poor,0,0,0,N/A,0,N/A,N/A
253,Rashid Khan,Afghanistan,"MA Chidambaram Stadium, Chennai",2,31,15.5,Poor,2,86,48,10.75,3,16,Good
253,Rashid Khan,Afghanistan,"Maharashtra Cricket Association Stadium, Pune",2,40,20,Average,3,83,74,6.73,6,12.33333333,Excellent
256,S Dhawan,India,Himachal Pradesh Cricket Association Stadium (Dharamsala),2,17,8.5,Bad,0,0,0,N/A,0,N/A,N/A
256,S Dhawan,India,Maharaja Yadavindra Singh International Cricket St (Mullanpur),2,36,18,Poor,0,0,0,N/A,0,N/A,N/A
256,S Dhawan,India,"Maharashtra Cricket Association Stadium, Pune",2,75,37.5,Good,0,0,0,N/A,0,N/A,N/A
257,S Dube,India,"Brabourne Stadium, Mumbai",2,106,53,Excellent,1,25,8,18.75,0,N/A,Bad
257,S Dube,India,"M.Chinnaswamy Stadium, Bengaluru",2,59,29.5,Average,0,0,0,N/A,0,N/A,N/A
264,SA Yadav,India,"Arun Jaitley Stadium, Delhi",2,26,13,Poor,0,0,0,N/A,0,N/A,N/A
264,SA Yadav,India,"Bharat Ratna Shri Atal Bihari Vajpayee Ekana Cricket Stadium, Lucknow",2,17,8.5,Bad,0,0,0,N/A,0,N/A,N/A
264,SA Yadav,India,"Brabourne Stadium, Mumbai",2,50,25,Average,0,0,0,N/A,0,N/A,N/A
264,SA Yadav,India,"Dr DY Patil Sports Academy, Mumbai",2,83,41.5,Excellent,0,0,0,N/A,0,N/A,N/A
264,SA Yadav,India,"MA Chidambaram Stadium, Chennai",2,59,29.5,Average,0,0,0,N/A,0,N/A,N/A
264,SA Yadav,India,"Narendra Modi Stadium, Ahmedabad",2,84,42,Excellent,0,0,0,N/A,0,N/A,N/A
270,SM Curran,England,"Barsapara Cricket Stadium, Guwahati",2,64,32,Good,2,69,42,9.86,3,14,Good
270,SM Curran,England,"Bharat Ratna Shri Atal Bihari Vajpayee Ekana Cricket Stadium, Lucknow",2,6,3,Bad,2,59,50,7.08,6,8.333333333,Excellent
270,SM Curran,England,"MA Chidambaram Stadium, Chennai",2,55,27.5,Average,2,87,46,11.35,1,46,Bad
271,SN Khan,India,"Arun Jaitley Stadium, Delhi",2,39,19.5,Poor,0,0,0,N/A,0,N/A,N/A
271,SN Khan,India,"Dr DY Patil Sports Academy, Mumbai",2,68,34,Good,0,0,0,N/A,0,N/A,N/A
271,SN Khan,India,"Wankhede Stadium, Mumbai",2,11,5.5,Bad,0,0,0,N/A,0,N/A,N/A
272,SN Thakur,India,"Brabourne Stadium, Mumbai",2,51,25.5,Average,4,144,79,10.94,4,19.75,Average
272,SN Thakur,India,"Dr DY Patil Sports Academy, Mumbai",2,27,13.5,Poor,4,131,94,8.36,5,18.8,Average
272,SN Thakur,India,"Narendra Modi Stadium, Ahmedabad",2,3,1.5,Bad,2,68,43,9.49,0,N/A,Poor
273,SO Hetmyer,West Indies,"Barsapara Cricket Stadium, Guwahati",2,75,37.5,Good,0,0,0,N/A,0,N/A,N/A
273,SO Hetmyer,West Indies,"Brabourne Stadium, Mumbai",2,32,16,Poor,0,0,0,N/A,0,N/A,N/A
273,SO Hetmyer,West Indies,"Eden Gardens, Kolkata",2,4,2,Bad,0,0,0,N/A,0,N/A,N/A
273,SO Hetmyer,West Indies,"MA Chidambaram Stadium, Chennai",2,34,17,Poor,0,0,0,N/A,0,N/A,N/A
273,SO Hetmyer,West Indies,"Maharashtra Cricket Association Stadium, Pune",2,35,17.5,Poor,0,0,0,N/A,0,N/A,N/A
273,SO Hetmyer,West Indies,"Rajiv Gandhi International Stadium, Hyderabad",2,35,17.5,Poor,0,0,0,N/A,0,N/A,N/A
274,SP Jackson,India,"Brabourne Stadium, Mumbai",2,15,7.5,Bad,0,0,0,N/A,0,N/A,N/A
274,SP Jackson,India,"Dr DY Patil Sports Academy, Mumbai",2,5,2.5,Bad,0,0,0,N/A,0,N/A,N/A
275,SP Narine,West Indies,"Brabourne Stadium, Mumbai",2,10,5,Bad,3,70,74,5.68,4,18.5,Excellent
275,SP Narine,West Indies,"MA Chidambaram Stadium, Chennai",2,33,16.5,Poor,3,65,72,5.42,4,18,Excellent
275,SP Narine,West Indies,"Maharashtra Cricket Association Stadium, Pune",2,23,11.5,Poor,3,81,72,6.75,2,36,Excellent
275,SP Narine,West Indies,"Narendra Modi Stadium, Ahmedabad",2,21,10.5,Poor,2,73,49,8.94,5,9.8,Excellent
277,SS Iyer,India,"MA Chidambaram Stadium, Chennai",2,40,20,Average,0,0,0,N/A,0,N/A,N/A
278,SS Prabhudessai,India,"Dr DY Patil Sports Academy, Mumbai",2,44,22,Average,0,0,0,N/A,0,N/A,N/A
281,SV Samson,India,"Maharashtra Cricket Association Stadium, Pune",2,82,41,Excellent,0,0,0,N/A,0,N/A,N/A
281,SV Samson,India,"Rajiv Gandhi International Stadium, Hyderabad",2,55,27.5,Average,0,0,0,N/A,0,N/A,N/A
282,SW Billings,England,"Maharashtra Cricket Association Stadium, Pune",2,51,25.5,Average,0,0,0,N/A,0,N/A,N/A
282,SW Billings,England,"Wankhede Stadium, Mumbai",2,49,24.5,Average,0,0,0,N/A,0,N/A,N/A
286,Sandeep Sharma,India,"Sawai Mansingh Stadium, Jaipur",2,2,1,Bad,8,236,187,7.57,10,18.7,Good
287,Sanvir Singh,India,"Narendra Modi Stadium, Ahmedabad",2,7,3.5,Bad,0,0,0,N/A,0,N/A,N/A
287,Sanvir Singh,India,"Wankhede Stadium, Mumbai",2,12,6,Bad,0,0,0,N/A,0,N/A,N/A
289,Shahbaz Ahmed,India,"Eden Gardens, Kolkata",2,17,8.5,Bad,3,59,39,9.08,0,N/A,Poor
289,Shahbaz Ahmed,India,"Maharashtra Cricket Association Stadium, Pune",2,18,9,Bad,3,81,50,9.72,1,50,Poor
291,Shashank Singh,India,Himachal Pradesh Cricket Association Stadium (Dharamsala),2,64,32,Good,0,0,0,N/A,0,N/A,N/A
291,Shashank Singh,India,"Maharashtra Cricket Association Stadium, Pune",2,26,13,Poor,1,10,6,10,0,N/A,Bad
291,Shashank Singh,India,"Wankhede Stadium, Mumbai",2,33,16.5,Poor,0,0,0,N/A,0,N/A,N/A
294,Shubman Gill,India,"Arun Jaitley Stadium, Delhi",2,20,10,Poor,0,0,0,N/A,0,N/A,N/A
294,Shubman Gill,India,"Bharat Ratna Shri Atal Bihari Vajpayee Ekana Cricket Stadium, Lucknow",2,19,9.5,Bad,0,0,0,N/A,0,N/A,N/A
294,Shubman Gill,India,"Eden Gardens, Kolkata",2,84,42,Excellent,0,0,0,N/A,0,N/A,N/A
294,Shubman Gill,India,"M.Chinnaswamy Stadium, Bengaluru",2,106,53,Excellent,0,0,0,N/A,0,N/A,N/A
294,Shubman Gill,India,"MA Chidambaram Stadium, Chennai",2,50,25,Average,0,0,0,N/A,0,N/A,N/A
294,Shubman Gill,India,"Sawai Mansingh Stadium, Jaipur",2,108,54,Excellent,0,0,0,N/A,0,N/A,N/A
295,Sikandar Raza,Zimbabwe,"Punjab Cricket Association IS Bindra Stadium, Mohali",2,52,26,Average,2,43,25,10.32,1,25,Bad
299,Swapnil Singh,India,"M.Chinnaswamy Stadium, Bengaluru",2,15,7.5,Bad,3,23,25,5.52,1,25,Excellent
299,Swapnil Singh,India,"Narendra Modi Stadium, Ahmedabad",2,11,5.5,Bad,3,49,36,8.17,1,36,Average
303,T Stubbs,South Africa,Dr YS Rajasekhara Reddy Cricket Stadium (Visakhapatnam),2,54,27,Bad,0,0,0,N/A,0,N/A,N/A
304,TA Boult,New Zealand,"Narendra Modi Stadium, Ahmedabad",2,11,5.5,Bad,4,107,100,6.42,4,25,Excellent
304,TA Boult,New Zealand,"Wankhede Stadium, Mumbai",2,2,1,Bad,7,239,176,8.15,10,17.6,Average
306,TH David,Australia,"Arun Jaitley Stadium, Delhi",2,50,25,Average,0,0,0,N/A,0,N/A,N/A
306,TH David,Australia,"Bharat Ratna Shri Atal Bihari Vajpayee Ekana Cricket Stadium, Lucknow",2,67,33.5,Good,0,0,0,N/A,0,N/A,N/A
306,TH David,Australia,"Brabourne Stadium, Mumbai",2,56,28,Average,0,0,0,N/A,0,N/A,N/A
306,TH David,Australia,"MA Chidambaram Stadium, Chennai",2,15,7.5,Bad,0,0,0,N/A,0,N/A,N/A
306,TH David,Australia,"Rajiv Gandhi International Stadium, Hyderabad",2,58,29,Average,0,0,0,N/A,0,N/A,N/A
309,TM Head,Australia,"Narendra Modi Stadium, Ahmedabad",2,19,9.5,Bad,1,32,10,19.2,0,N/A,Bad
313,Tilak Varma,India,"Arun Jaitley Stadium, Delhi",2,104,52,Excellent,1,7,7,6,0,N/A,Excellent
313,Tilak Varma,India,"Rajiv Gandhi International Stadium, Hyderabad",2,101,50.5,Excellent,0,0,0,N/A,0,N/A,N/A
315,Umran Malik,India,"Wankhede Stadium, Mumbai",2,0,0,Bad,5,144,91,9.49,9,10.11111111,Excellent
317,V Kohli,India,"Rajiv Gandhi International Stadium, Hyderabad",2,151,75.5,Excellent,0,0,0,N/A,0,N/A,N/A
317,V Kohli,India,"Sawai Mansingh Stadium, Jaipur",2,131,65.5,Excellent,0,0,0,N/A,0,N/A,N/A
318,V Shankar,India,"Bharat Ratna Shri Atal Bihari Vajpayee Ekana Cricket Stadium, Lucknow",2,27,13.5,Poor,0,0,0,N/A,0,N/A,N/A
318,V Shankar,India,"M.Chinnaswamy Stadium, Bengaluru",2,63,31.5,Good,0,0,0,N/A,0,N/A,N/A
318,V Shankar,India,"MA Chidambaram Stadium, Chennai",2,26,13,Poor,0,0,0,N/A,0,N/A,N/A
318,V Shankar,India,"Maharashtra Cricket Association Stadium, Pune",2,13,6.5,Bad,1,14,7,12,1,7,Excellent
318,V Shankar,India,"Wankhede Stadium, Mumbai",2,33,16.5,Poor,0,0,0,N/A,0,N/A,N/A
322,VR Iyer,India,"M.Chinnaswamy Stadium, Bengaluru",2,81,40.5,Excellent,0,0,0,N/A,0,N/A,N/A
322,VR Iyer,India,"Maharashtra Cricket Association Stadium, Pune",2,57,28.5,Average,0,0,0,N/A,0,N/A,N/A
322,VR Iyer,India,"Narendra Modi Stadium, Ahmedabad",2,134,67,Excellent,0,0,0,N/A,0,N/A,N/A
329,WP Saha,India,"Arun Jaitley Stadium, Delhi",2,53,26.5,Average,0,0,0,N/A,0,N/A,N/A
329,WP Saha,India,"Brabourne Stadium, Mumbai",2,84,42,Excellent,0,0,0,N/A,0,N/A,N/A
329,WP Saha,India,"Dr DY Patil Sports Academy, Mumbai",2,46,23,Average,0,0,0,N/A,0,N/A,N/A
329,WP Saha,India,"Eden Gardens, Kolkata",2,10,5,Bad,0,0,0,N/A,0,N/A,N/A
329,WP Saha,India,"M.Chinnaswamy Stadium, Bengaluru",2,13,6.5,Bad,0,0,0,N/A,0,N/A,N/A
329,WP Saha,India,"MA Chidambaram Stadium, Chennai",2,33,16.5,Poor,0,0,0,N/A,0,N/A,N/A
329,WP Saha,India,"Maharashtra Cricket Association Stadium, Pune",2,16,8,Bad,0,0,0,N/A,0,N/A,N/A
331,YBK Jaiswal,India,"Brabourne Stadium, Mumbai",2,100,50,Excellent,0,0,0,N/A,0,N/A,N/A
331,YBK Jaiswal,India,"Dr DY Patil Sports Academy, Mumbai",2,20,10,Poor,0,0,0,N/A,0,N/A,N/A
331,YBK Jaiswal,India,"Rajiv Gandhi International Stadium, Hyderabad",2,121,60.5,Excellent,0,0,0,N/A,0,N/A,N/A
333,YV Dhull,India,"Arun Jaitley Stadium, Delhi",2,15,7.5,Bad,0,0,0,N/A,0,N/A,N/A
336,Yudhvir Singh,India,"Bharat Ratna Shri Atal Bihari Vajpayee Ekana Cricket Stadium, Lucknow",2,7,3.5,Bad,2,44,30,8.8,3,10,Excellent
1,A Badoni,India,"Dr DY Patil Sports Academy, Mumbai",3,42,14,Poor,0,0,0,N/A,0,N/A,N/A
1,A Badoni,India,"Maharashtra Cricket Association Stadium, Pune",3,27,9,Bad,0,0,0,N/A,0,N/A,N/A
3,A Manohar,India,"Dr DY Patil Sports Academy, Mumbai",3,80,26.67,Average,0,0,0,N/A,0,N/A,N/A
3,A Manohar,India,"Wankhede Stadium, Mumbai",3,17,5.67,Bad,0,0,0,N/A,0,N/A,N/A
6,A Raghuvanshi,India,"Eden Gardens, Kolkata",3,40,13.33,Poor,0,0,0,N/A,0,N/A,N/A
11,AD Russell,West Indies,"Brabourne Stadium, Mumbai",3,73,24.33,Average,3,69,38,10.89,4,9.5,Excellent
11,AD Russell,West Indies,"Maharashtra Cricket Association Stadium, Pune",3,105,35,Good,3,53,51,6.24,5,10.2,Excellent
17,AK Markram,South Africa,"Dr DY Patil Sports Academy, Mumbai",3,65,21.67,Average,2,17,12,8.5,1,12,Excellent
17,AK Markram,South Africa,"Maharashtra Cricket Association Stadium, Pune",3,106,35.33,Good,1,36,18,12,0,N/A,Bad
22,AT Rayudu,India,"Brabourne Stadium, Mumbai",3,43,14.33,Poor,0,0,0,N/A,0,N/A,N/A
22,AT Rayudu,India,"Dr DY Patil Sports Academy, Mumbai",3,72,24,Average,0,0,0,N/A,0,N/A,N/A
25,Abdul Samad,India,"MA Chidambaram Stadium, Chennai",3,23,7.67,Bad,0,0,0,N/A,0,N/A,N/A
25,Abdul Samad,India,"Narendra Modi Stadium, Ahmedabad",3,49,16.33,Poor,0,0,0,N/A,0,N/A,N/A
26,Abhishek Sharma,India,"Brabourne Stadium, Mumbai",3,57,19,Poor,0,0,0,N/A,0,N/A,N/A
26,Abhishek Sharma,India,"Maharashtra Cricket Association Stadium, Pune",3,91,30.33,Good,1,15,6,15,0,N/A,Bad
26,Abhishek Sharma,India,"Narendra Modi Stadium, Ahmedabad",3,37,12.33,Poor,1,13,7,11.14,0,N/A,Bad
33,Anuj Rawat,India,"Wankhede Stadium, Mumbai",3,32,10.67,Poor,0,0,0,N/A,0,N/A,N/A
44,B Sai Sudharsan,India,"Brabourne Stadium, Mumbai",3,69,23,Average,0,0,0,N/A,0,N/A,N/A
48,C Green,Australia,"MA Chidambaram Stadium, Chennai",3,65,21.67,Average,3,52,47,6.64,3,15.66666667,Excellent
48,C Green,Australia,"Narendra Modi Stadium, Ahmedabad",3,90,30,Good,4,145,73,11.92,2,36.5,Bad
56,D Brevis,South Africa,"Maharashtra Cricket Association Stadium, Pune",3,86,28.67,Average,1,8,3,16,1,3,Excellent
59,D Padikkal,India,"Bharat Ratna Shri Atal Bihari Vajpayee Ekana Cricket Stadium, Lucknow",3,19,6.33,Bad,0,0,0,N/A,0,N/A,N/A
59,D Padikkal,India,"Brabourne Stadium, Mumbai",3,66,22,Average,0,0,0,N/A,0,N/A,N/A
59,D Padikkal,India,"Narendra Modi Stadium, Ahmedabad",3,37,12.33,Poor,0,0,0,N/A,0,N/A,N/A
62,DA Miller,South Africa,"Brabourne Stadium, Mumbai",3,64,21.33,Average,0,0,0,N/A,0,N/A,N/A
62,DA Miller,South Africa,"Maharashtra Cricket Association Stadium, Pune",3,140,46.67,Excellent,0,0,0,N/A,0,N/A,N/A
63,DA Warner,Australia,"Brabourne Stadium, Mumbai",3,213,71,Excellent,0,0,0,N/A,0,N/A,N/A
65,DJ Bravo,West Indies,"Dr DY Patil Sports Academy, Mumbai",3,10,3.33,Bad,4,134,93,8.65,6,15.5,Good
66,DJ Hooda,India,"Brabourne Stadium, Mumbai",3,87,29,Average,1,12,6,12,0,N/A,Bad
66,DJ Hooda,India,"Dr DY Patil Sports Academy, Mumbai",3,75,25,Average,0,0,0,N/A,0,N/A,N/A
66,DJ Hooda,India,"MA Chidambaram Stadium, Chennai",3,34,11.33,Poor,0,0,0,N/A,0,N/A,N/A
66,DJ Hooda,India,"Maharashtra Cricket Association Stadium, Pune",3,102,34,Good,0,0,0,N/A,0,N/A,N/A
75,Dhruv Jurel,India,"Barsapara Cricket Stadium, Guwahati",3,40,13.33,Poor,0,0,0,N/A,0,N/A,N/A
75,Dhruv Jurel,India,"MA Chidambaram Stadium, Chennai",3,88,29.33,Average,0,0,0,N/A,0,N/A,N/A
78,F du Plessis,South Africa,"Brabourne Stadium, Mumbai",3,15,5,Bad,0,0,0,N/A,0,N/A,N/A
78,F du Plessis,South Africa,"Eden Gardens, Kolkata",3,30,10,Poor,0,0,0,N/A,0,N/A,N/A
78,F du Plessis,South Africa,"Maharashtra Cricket Association Stadium, Pune",3,77,25.67,Average,0,0,0,N/A,0,N/A,N/A
78,F du Plessis,South Africa,"Narendra Modi Stadium, Ahmedabad",3,66,22,Average,0,0,0,N/A,0,N/A,N/A
82,GD Phillips,New Zealand,"Rajiv Gandhi International Stadium, Hyderabad",3,13,4.33,Bad,2,20,18,6.67,1,18,Excellent
84,GJ Maxwell,Australia,"Brabourne Stadium, Mumbai",3,80,26.67,Average,2,28,18,9.33,1,18,Average
84,GJ Maxwell,Australia,"Maharashtra Cricket Association Stadium, Pune",3,11,3.67,Bad,2,26,30,5.2,2,15,Excellent
87,H Klaasen,South Africa,"Narendra Modi Stadium, Ahmedabad",3,120,40,Excellent,0,0,0,N/A,0,N/A,N/A
91,HH Pandya,India,"Brabourne Stadium, Mumbai",3,54,18,Poor,1,37,25,8.88,1,25,Average
91,HH Pandya,India,"Eden Gardens, Kolkata",3,68,22.67,Average,3,82,50,9.84,1,50,Poor
101,Ishan Kishan,India,"Brabourne Stadium, Mumbai",3,139,46.33,Excellent,0,0,0,N/A,0,N/A,N/A
101,Ishan Kishan,India,"Maharashtra Cricket Association Stadium, Pune",3,43,14.33,Poor,0,0,0,N/A,0,N/A,N/A
108,JC Buttler,England,"Brabourne Stadium, Mumbai",3,107,35.67,Good,0,0,0,N/A,0,N/A,N/A
108,JC Buttler,England,"Eden Gardens, Kolkata",3,196,65.33,Excellent,0,0,0,N/A,0,N/A,N/A
108,JC Buttler,England,"Narendra Modi Stadium, Ahmedabad",3,145,48.33,Excellent,0,0,0,N/A,0,N/A,N/A
109,JD Unadkat,India,"MA Chidambaram Stadium, Chennai",3,10,3.33,Bad,3,52,38,8.21,1,38,Average
114,JM Bairstow,England,"Brabourne Stadium, Mumbai",3,83,27.67,Average,0,0,0,N/A,0,N/A,N/A
114,JM Bairstow,England,"Dr DY Patil Sports Academy, Mumbai",3,41,13.67,Poor,0,0,0,N/A,0,N/A,N/A
114,JM Bairstow,England,Maharaja Yadavindra Singh International Cricket St (Mullanpur),3,30,4.5,Bad,0,0,0,N/A,0,N/A,N/A
114,JM Bairstow,England,"Wankhede Stadium, Mumbai",3,85,28.33,Average,0,0,0,N/A,0,N/A,N/A
115,JM Sharma,India,"Wankhede Stadium, Mumbai",3,82,27.33,Average,0,0,0,N/A,0,N/A,N/A
116,JO Holder,West Indies,"Maharashtra Cricket Association Stadium, Pune",3,25,8.33,Bad,3,81,48,10.12,5,9.6,Excellent
116,JO Holder,West Indies,"Wankhede Stadium, Mumbai",3,19,6.33,Bad,4,186,98,11.39,3,32.66666667,Bad
127,KA Pollard,West Indies,"Brabourne Stadium, Mumbai",3,32,10.67,Poor,1,14,12,7,1,12,Excellent
127,KA Pollard,West Indies,"Maharashtra Cricket Association Stadium, Pune",3,32,10.67,Poor,1,24,19,7.58,0,N/A,Good
128,KD Karthik,India,"Brabourne Stadium, Mumbai",3,13,4.33,Bad,0,0,0,N/A,0,N/A,N/A
128,KD Karthik,India,"Eden Gardens, Kolkata",3,71,23.67,Average,0,0,0,N/A,0,N/A,N/A
128,KD Karthik,India,"Maharashtra Cricket Association Stadium, Pune",3,39,13,Poor,0,0,0,N/A,0,N/A,N/A
129,KH Pandya,India,"Dr DY Patil Sports Academy, Mumbai",3,67,22.33,Average,3,68,60,6.8,3,20,Excellent
129,KH Pandya,India,"Eden Gardens, Kolkata",3,16,5.33,Bad,3,84,55,9.16,2,27.5,Poor
129,KH Pandya,India,"Maharashtra Cricket Association Stadium, Pune",3,37,12.33,Poor,2,36,49,4.41,2,24.5,Excellent
133,KL Rahul,India,"Brabourne Stadium, Mumbai",3,153,51,Excellent,0,0,0,N/A,0,N/A,N/A
140,KS Williamson,New Zealand,"Brabourne Stadium, Mumbai",3,37,12.33,Poor,0,0,0,N/A,0,N/A,N/A
140,KS Williamson,New Zealand,"Maharashtra Cricket Association Stadium, Pune",3,58,19.33,Poor,0,0,0,N/A,0,N/A,N/A
152,LS Livingstone,England,Himachal Pradesh Cricket Association Stadium (Dharamsala),3,103,34.33,Good,1,28,19,8.84,0,N/A,Average
152,LS Livingstone,England,"Punjab Cricket Association IS Bindra Stadium, Mohali",3,107,35.67,Good,2,28,12,14,1,12,Excellent
156,M Jansen,South Africa,"Rajiv Gandhi International Stadium, Hyderabad",3,16,5.33,Bad,5,154,104,8.88,6,17.33333333,Average
160,M Shahrukh Khan,India,"Brabourne Stadium, Mumbai",3,33,11,Poor,0,0,0,N/A,0,N/A,N/A
160,M Shahrukh Khan,India,"Narendra Modi Stadium, Ahmedabad",3,60,20,Average,0,0,0,N/A,0,N/A,N/A
174,MK Pandey,India,"Wankhede Stadium, Mumbai",3,70,23.33,Average,0,0,0,N/A,0,N/A,N/A
175,MM Ali,England,"Brabourne Stadium, Mumbai",3,128,42.67,Excellent,3,43,36,7.17,1,36,Good
175,MM Ali,England,"Dr DY Patil Sports Academy, Mumbai",3,60,20,Average,3,42,48,5.25,3,16,Excellent
177,MP Stoinis,Australia,"Eden Gardens, Kolkata",3,19,6.33,Bad,0,0,0,N/A,0,N/A,N/A
177,MP Stoinis,Australia,"MA Chidambaram Stadium, Chennai",3,185,61.67,Excellent,1,50,25,12,1,25,Bad
177,MP Stoinis,Australia,"Maharashtra Cricket Association Stadium, Pune",3,31,10.33,Poor,0,0,0,N/A,0,N/A,N/A
179,MR Marsh,Australia,"Dr DY Patil Sports Academy, Mumbai",3,177,59,Excellent,2,59,39,9.08,3,13,Good
180,MS Dhoni,India,"Brabourne Stadium, Mumbai",3,65,21.67,Average,0,0,0,N/A,0,N/A,N/A
180,MS Dhoni,India,"Dr DY Patil Sports Academy, Mumbai",3,52,17.33,Poor,0,0,0,N/A,0,N/A,N/A
180,MS Dhoni,India,"Narendra Modi Stadium, Ahmedabad",3,40,13.33,Poor,0,0,0,N/A,0,N/A,N/A
181,MS Wade,Australia,"Wankhede Stadium, Mumbai",3,66,22,Average,0,0,0,N/A,0,N/A,N/A
182,MW Short,Australia,"Punjab Cricket Association IS Bindra Stadium, Mohali",3,71,23.67,Average,1,8,6,8,0,N/A,Average
195,N Jagadeesan,India,"Eden Gardens, Kolkata",3,56,18.67,Poor,0,0,0,N/A,0,N/A,N/A
196,N Pooran,West Indies,"MA Chidambaram Stadium, Chennai",3,66,22,Average,0,0,0,N/A,0,N/A,N/A
196,N Pooran,West Indies,"Maharashtra Cricket Association Stadium, Pune",3,66,22,Average,0,0,0,N/A,0,N/A,N/A
197,N Rana,India,"Brabourne Stadium, Mumbai",3,102,34,Good,0,0,0,N/A,0,N/A,N/A
197,N Rana,India,"Maharashtra Cricket Association Stadium, Pune",3,36,12,Poor,0,0,0,N/A,0,N/A,N/A
206,Nithish Kumar Reddy,India,"MA Chidambaram Stadium, Chennai",3,33,11,Poor,1,9,7,7.71,0,N/A,Good
212,PBB Rajapaksa,Sri Lanka,"Dr DY Patil Sports Academy, Mumbai",3,87,29,Average,0,0,0,N/A,0,N/A,N/A
212,PBB Rajapaksa,Sri Lanka,"Wankhede Stadium, Mumbai",3,100,33.33,Good,0,0,0,N/A,0,N/A,N/A
215,PJ Cummins,Australia,"Brabourne Stadium, Mumbai",3,7,2.33,Bad,3,144,77,11.22,2,38.5,Bad
215,PJ Cummins,Australia,"MA Chidambaram Stadium, Chennai",3,34,11.33,Poor,3,98,63,9.33,2,31.5,Poor
219,PP Chawla,India,"Narendra Modi Stadium, Ahmedabad",3,18,6,Bad,3,110,63,10.48,4,15.75,Good
219,PP Chawla,India,"Wankhede Stadium, Mumbai",3,8,2.67,Bad,12,344,261,7.91,15,17.4,Good
220,PP Shaw,India,"Brabourne Stadium, Mumbai",3,130,43.33,Excellent,0,0,0,N/A,0,N/A,N/A
222,PWH de Silva,Sri Lanka,"M.Chinnaswamy Stadium, Bengaluru",3,13,4.33,Bad,4,115,78,8.85,4,19.5,Average
223,Q de Kock,South Africa,"Brabourne Stadium, Mumbai",3,92,30.67,Good,0,0,0,N/A,0,N/A,N/A
223,Q de Kock,South Africa,"Eden Gardens, Kolkata",3,44,14.67,Poor,0,0,0,N/A,0,N/A,N/A
223,Q de Kock,South Africa,"Maharashtra Cricket Association Stadium, Pune",3,107,35.67,Good,0,0,0,N/A,0,N/A,N/A
224,R Ashwin,India,"Brabourne Stadium, Mumbai",3,52,17.33,Poor,3,90,75,7.2,3,25,Good
224,R Ashwin,India,"MA Chidambaram Stadium, Chennai",3,31,10.33,Poor,3,103,75,8.24,4,18.75,Average
227,R Parag,India,"Barsapara Cricket Stadium, Guwahati",3,75,25,Average,0,0,0,N/A,0,N/A,N/A
227,R Parag,India,"Brabourne Stadium, Mumbai",3,34,11.33,Poor,0,0,0,N/A,0,N/A,N/A
227,R Parag,India,"Narendra Modi Stadium, Ahmedabad",3,56,18.67,Poor,0,0,0,N/A,0,N/A,N/A
228,R Powell,West Indies,"Brabourne Stadium, Mumbai",3,75,25,Average,1,17,7,14.57,0,N/A,Bad
228,R Powell,West Indies,"Dr DY Patil Sports Academy, Mumbai",3,8,2.67,Bad,0,0,0,N/A,0,N/A,N/A
233,R Tewatia,India,"Brabourne Stadium, Mumbai",3,59,19.67,Poor,2,35,12,17.5,0,N/A,Bad
233,R Tewatia,India,"Dr DY Patil Sports Academy, Mumbai",3,34,11.33,Poor,2,19,12,9.5,1,12,Excellent
233,R Tewatia,India,"Maharashtra Cricket Association Stadium, Pune",3,42,14,Poor,1,22,12,11,0,N/A,Bad
235,RA Jadeja,India,"Dr DY Patil Sports Academy, Mumbai",3,26,8.67,Bad,3,90,66,8.18,3,22,Average
235,RA Jadeja,India,"Maharashtra Cricket Association Stadium, Pune",3,26,8.67,Bad,3,64,60,6.4,2,30,Excellent
235,RA Jadeja,India,"Narendra Modi Stadium, Ahmedabad",3,34,11.33,Poor,3,96,60,9.6,2,30,Poor
236,RA Tripathi,India,"Brabourne Stadium, Mumbai",3,100,33.33,Good,0,0,0,N/A,0,N/A,N/A
236,RA Tripathi,India,"MA Chidambaram Stadium, Chennai",3,67,22.33,Average,0,0,0,N/A,0,N/A,N/A
236,RA Tripathi,India,"Maharashtra Cricket Association Stadium, Pune",3,9,3,Bad,0,0,0,N/A,0,N/A,N/A
238,RD Gaikwad,India,"Brabourne Stadium, Mumbai",3,4,1.33,Bad,0,0,0,N/A,0,N/A,N/A
238,RD Gaikwad,India,"Maharashtra Cricket Association Stadium, Pune",3,200,66.67,Excellent,0,0,0,N/A,0,N/A,N/A
238,RD Gaikwad,India,"Narendra Modi Stadium, Ahmedabad",3,118,39.33,Good,0,0,0,N/A,0,N/A,N/A
239,RG Sharma,India,"Brabourne Stadium, Mumbai",3,90,30,Good,0,0,0,N/A,0,N/A,N/A
239,RG Sharma,India,"Maharashtra Cricket Association Stadium, Pune",3,57,19,Poor,0,0,0,N/A,0,N/A,N/A
239,RG Sharma,India,"Narendra Modi Stadium, Ahmedabad",3,53,17.67,Poor,0,0,0,N/A,0,N/A,N/A
243,RK Singh,India,"Dr DY Patil Sports Academy, Mumbai",3,98,32.67,Good,0,0,0,N/A,0,N/A,N/A
246,RR Pant,India,"Brabourne Stadium, Mumbai",3,54,18,Poor,0,0,0,N/A,0,N/A,N/A
247,RR Rossouw,South Africa,Himachal Pradesh Cricket Association Stadium (Dharamsala),3,143,47.67,Excellent,0,0,0,N/A,0,N/A,N/A
250,RV Uthappa,India,"Wankhede Stadium, Mumbai",3,30,10,Poor,0,0,0,N/A,0,N/A,N/A
252,Ramandeep Singh,India,"Wankhede Stadium, Mumbai",3,29,9.67,Bad,3,55,41,8.05,6,6.833333333,Excellent
253,Rashid Khan,Afghanistan,"Dr DY Patil Sports Academy, Mumbai",3,0,0,Bad,4,98,96,6.12,3,32,Excellent
253,Rashid Khan,Afghanistan,"Wankhede Stadium, Mumbai",3,129,43,Excellent,5,169,120,8.45,8,15,Good
257,S Dube,India,"Narendra Modi Stadium, Ahmedabad",3,72,24,Average,0,0,0,N/A,0,N/A,N/A
264,SA Yadav,India,"Maharashtra Cricket Association Stadium, Pune",3,163,54.33,Excellent,0,0,0,N/A,0,N/A,N/A
273,SO Hetmyer,West Indies,"Dr DY Patil Sports Academy, Mumbai",3,70,23.33,Average,0,0,0,N/A,0,N/A,N/A
275,SP Narine,West Indies,"Wankhede Stadium, Mumbai",3,10,3.33,Bad,6,139,143,5.83,5,28.6,Excellent
277,SS Iyer,India,"Brabourne Stadium, Mumbai",3,167,55.67,Excellent,0,0,0,N/A,0,N/A,N/A
277,SS Iyer,India,"Maharashtra Cricket Association Stadium, Pune",3,31,10.33,Poor,0,0,0,N/A,0,N/A,N/A
278,SS Prabhudessai,India,"M.Chinnaswamy Stadium, Bengaluru",3,29,9.67,Bad,0,0,0,N/A,0,N/A,N/A
281,SV Samson,India,"Barsapara Cricket Stadium, Guwahati",3,60,20,Average,0,0,0,N/A,0,N/A,N/A
281,SV Samson,India,"Brabourne Stadium, Mumbai",3,85,28.33,Average,0,0,0,N/A,0,N/A,N/A
281,SV Samson,India,"Eden Gardens, Kolkata",3,107,35.67,Good,0,0,0,N/A,0,N/A,N/A
281,SV Samson,India,"MA Chidambaram Stadium, Chennai",3,25,8.33,Bad,0,0,0,N/A,0,N/A,N/A
282,SW Billings,England,"Dr DY Patil Sports Academy, Mumbai",3,54,18,Poor,0,0,0,N/A,0,N/A,N/A
285,Sameer Rizvi,India,"MA Chidambaram Stadium, Chennai",3,50,16.67,Poor,0,0,0,N/A,0,N/A,N/A
289,Shahbaz Ahmed,India,"Brabourne Stadium, Mumbai",3,18,6,Bad,2,66,43,9.21,3,14.33333333,Good
289,Shahbaz Ahmed,India,"Dr DY Patil Sports Academy, Mumbai",3,94,31.33,Good,4,66,49,8.08,0,N/A,Average
289,Shahbaz Ahmed,India,"MA Chidambaram Stadium, Chennai",3,33,11,Poor,3,84,57,8.84,4,14.25,Good
289,Shahbaz Ahmed,India,"Narendra Modi Stadium, Ahmedabad",3,34,11.33,Poor,2,55,24,13.75,1,24,Poor
289,Shahbaz Ahmed,India,"Rajiv Gandhi International Stadium, Hyderabad",3,61,20.33,Average,7,136,84,9.71,3,28,Poor
289,Shahbaz Ahmed,India,"Wankhede Stadium, Mumbai",3,87,29,Average,4,65,46,8.48,0,N/A,Average
294,Shubman Gill,India,"Brabourne Stadium, Mumbai",3,179,59.67,Excellent,0,0,0,N/A,0,N/A,N/A
294,Shubman Gill,India,"Maharashtra Cricket Association Stadium, Pune",3,147,49,Excellent,0,0,0,N/A,0,N/A,N/A
304,TA Boult,New Zealand,"Dr DY Patil Sports Academy, Mumbai",3,5,1.67,Bad,3,88,71,7.44,3,23.66666667,Good
305,TG Southee,New Zealand,"Dr DY Patil Sports Academy, Mumbai",3,2,0.67,Bad,4,115,95,7.26,7,13.57142857,Good
306,TH David,Australia,"Dr DY Patil Sports Academy, Mumbai",3,34,11.33,Poor,0,0,0,N/A,0,N/A,N/A
306,TH David,Australia,"Narendra Modi Stadium, Ahmedabad",3,13,4.33,Bad,0,0,0,N/A,0,N/A,N/A
309,TM Head,Australia,"MA Chidambaram Stadium, Chennai",3,47,15.67,Poor,0,0,0,N/A,0,N/A,N/A
313,Tilak Varma,India,"Brabourne Stadium, Mumbai",3,69,23,Average,1,7,6,7,0,N/A,Good
313,Tilak Varma,India,"Maharashtra Cricket Association Stadium, Pune",3,74,24.67,Average,1,6,6,6,0,N/A,Excellent
313,Tilak Varma,India,"Narendra Modi Stadium, Ahmedabad",3,70,23.33,Average,0,0,0,N/A,0,N/A,N/A
314,UT Yadav,India,"Brabourne Stadium, Mumbai",3,22,7.33,Bad,3,129,75,10.32,1,75,Bad
314,UT Yadav,India,"Dr DY Patil Sports Academy, Mumbai",3,33,11,Poor,3,86,72,7.17,3,24,Good
314,UT Yadav,India,"Eden Gardens, Kolkata",3,11,3.67,Bad,3,94,49,11.51,0,N/A,Bad
317,V Kohli,India,"Brabourne Stadium, Mumbai",3,78,26,Average,0,0,0,N/A,0,N/A,N/A
317,V Kohli,India,"Eden Gardens, Kolkata",3,64,21.33,Average,0,0,0,N/A,0,N/A,N/A
317,V Kohli,India,"Maharashtra Cricket Association Stadium, Pune",3,87,29,Average,0,0,0,N/A,0,N/A,N/A
317,V Kohli,India,"Narendra Modi Stadium, Ahmedabad",3,110,36.67,Good,0,0,0,N/A,0,N/A,N/A
320,VG Arora,India,"Brabourne Stadium, Mumbai",3,5,1.67,Bad,3,86,61,8.46,2,30.5,Average
322,VR Iyer,India,"Brabourne Stadium, Mumbai",3,30,10,Poor,1,14,6,14,0,N/A,Bad
322,VR Iyer,India,"MA Chidambaram Stadium, Chennai",3,64,21.33,Average,0,0,0,N/A,0,N/A,N/A
323,Vijaykumar Vyshak,India,"M.Chinnaswamy Stadium, Bengaluru",3,14,4.67,Bad,8,298,186,9.61,12,15.5,Good
328,WG Jacks,England,"M.Chinnaswamy Stadium, Bengaluru",3,49,16.33,Poor,2,48,25,11.52,0,N/A,Bad
330,Washington Sundar,India,"Maharashtra Cricket Association Stadium, Pune",3,46,15.33,Poor,2,87,43,12.14,0,N/A,Bad
330,Washington Sundar,India,"Rajiv Gandhi International Stadium, Hyderabad",3,35,11.67,Poor,4,99,72,8.25,3,24,Average
330,Washington Sundar,India,"Wankhede Stadium, Mumbai",3,37,12.33,Poor,3,89,61,8.75,2,30.5,Average
331,YBK Jaiswal,India,"Barsapara Cricket Stadium, Guwahati",3,75,25,Average,0,0,0,N/A,0,N/A,N/A
331,YBK Jaiswal,India,"Eden Gardens, Kolkata",3,120,40,Excellent,0,0,0,N/A,0,N/A,N/A
331,YBK Jaiswal,India,"MA Chidambaram Stadium, Chennai",3,76,25.33,Average,0,0,0,N/A,0,N/A,N/A
1,A Badoni,India,"Wankhede Stadium, Mumbai",4,95,23.75,Average,1,6,6,6,1,6,Excellent
5,A Nortje,South Africa,"Arun Jaitley Stadium, Delhi",4,9,2.25,Bad,7,262,163,9.64,6,27.16666667,Poor
11,AD Russell,West Indies,"Dr DY Patil Sports Academy, Mumbai",4,87,21.75,Average,4,108,55,11.78,8,6.875,Excellent
11,AD Russell,West Indies,"Wankhede Stadium, Mumbai",4,98,24.5,Average,5,102,63,9.71,6,10.5,Excellent
17,AK Markram,South Africa,"MA Chidambaram Stadium, Chennai",4,65,16.25,Poor,3,26,19,8.21,0,N/A,Average
18,AM Rahane,India,"Wankhede Stadium, Mumbai",4,122,30.5,Good,0,0,0,N/A,0,N/A,N/A
22,AT Rayudu,India,"Wankhede Stadium, Mumbai",4,123,30.75,Good,0,0,0,N/A,0,N/A,N/A
26,Abhishek Sharma,India,"Dr DY Patil Sports Academy, Mumbai",4,161,40.25,Excellent,0,0,0,N/A,0,N/A,N/A
26,Abhishek Sharma,India,"MA Chidambaram Stadium, Chennai",4,63,15.75,Poor,1,24,24,6,2,12,Excellent
31,Aman Hakim Khan,India,"Arun Jaitley Stadium, Delhi",4,31,7.75,Bad,0,0,0,N/A,0,N/A,N/A
33,Anuj Rawat,India,"Dr DY Patil Sports Academy, Mumbai",4,37,9.25,Bad,0,0,0,N/A,0,N/A,N/A
38,Ashutosh Sharma,India,Maharaja Yadavindra Singh International Cricket St (Mullanpur),4,128,32.33,Good,0,0,0,N/A,0,N/A,N/A
56,D Brevis,South Africa,"Wankhede Stadium, Mumbai",4,63,15.75,Poor,0,0,0,N/A,0,N/A,N/A
59,D Padikkal,India,"Dr DY Patil Sports Academy, Mumbai",4,70,17.5,Poor,0,0,0,N/A,0,N/A,N/A
62,DA Miller,South Africa,"Dr DY Patil Sports Academy, Mumbai",4,81,20.25,Average,0,0,0,N/A,0,N/A,N/A
63,DA Warner,Australia,"Dr DY Patil Sports Academy, Mumbai",4,75,18.75,Poor,0,0,0,N/A,0,N/A,N/A
71,DP Conway,New Zealand,"Wankhede Stadium, Mumbai",4,8,2,Bad,0,0,0,N/A,0,N/A,N/A
72,DR Sams,Australia,"Dr DY Patil Sports Academy, Mumbai",4,12,3,Bad,4,120,104,6.92,6,17.33333333,Excellent
72,DR Sams,Australia,"Wankhede Stadium, Mumbai",4,19,4.75,Bad,4,130,107,7.29,6,17.83333333,Good
78,F du Plessis,South Africa,"Dr DY Patil Sports Academy, Mumbai",4,197,49.25,Excellent,0,0,0,N/A,0,N/A,N/A
87,H Klaasen,South Africa,"MA Chidambaram Stadium, Chennai",4,103,25.75,Average,0,0,0,N/A,0,N/A,N/A
91,HH Pandya,India,"Dr DY Patil Sports Academy, Mumbai",4,205,51.25,Excellent,2,45,41,6.59,2,20.5,Excellent
95,Harpreet Brar,India,Maharaja Yadavindra Singh International Cricket St (Mullanpur),4,55,17.33,Poor,5,141,102,7.915,1,84,Average
101,Ishan Kishan,India,"Dr DY Patil Sports Academy, Mumbai",4,131,32.75,Good,0,0,0,N/A,0,N/A,N/A
108,JC Buttler,England,"Dr DY Patil Sports Academy, Mumbai",4,228,57,Excellent,0,0,0,N/A,0,N/A,N/A
112,JJ Bumrah,India,"Wankhede Stadium, Mumbai",4,9,2.25,Bad,10,239,241,5.95,17,14.17647059,Excellent
113,JJ Roy,England,"Eden Gardens, Kolkata",4,154,38.5,Good,0,0,0,N/A,0,N/A,N/A
115,JM Sharma,India,"Brabourne Stadium, Mumbai",4,90,22.5,Average,0,0,0,N/A,0,N/A,N/A
115,JM Sharma,India,Himachal Pradesh Cricket Association Stadium (Dharamsala),4,49,12.25,Poor,0,0,0,N/A,0,N/A,N/A
120,K Gowtham,India,"Bharat Ratna Shri Atal Bihari Vajpayee Ekana Cricket Stadium, Lucknow",4,31,7.75,Bad,3,64,62,6.19,2,31,Excellent
123,K Rabada,South Africa,"Brabourne Stadium, Mumbai",4,15,3.75,Bad,4,120,90,8,6,15,Good
127,KA Pollard,West Indies,"Dr DY Patil Sports Academy, Mumbai",4,61,15.25,Poor,3,84,44,11.45,1,44,Bad
128,KD Karthik,India,"Dr DY Patil Sports Academy, Mumbai",4,93,23.25,Average,0,0,0,N/A,0,N/A,N/A
133,KL Rahul,India,"Dr DY Patil Sports Academy, Mumbai",4,190,47.5,Excellent,0,0,0,N/A,0,N/A,N/A
140,KS Williamson,New Zealand,"Dr DY Patil Sports Academy, Mumbai",4,108,27,Average,0,0,0,N/A,0,N/A,N/A
145,Kuldeep Yadav,India,"Wankhede Stadium, Mumbai",4,27,6.75,Bad,5,163,106,9.23,6,17.66666667,Average
152,LS Livingstone,England,"Brabourne Stadium, Mumbai",4,196,49,Excellent,2,37,25,8.88,2,12.5,Average
152,LS Livingstone,England,"Dr DY Patil Sports Academy, Mumbai",4,112,28,Average,4,75,60,7.5,4,15,Good
152,LS Livingstone,England,Maharaja Yadavindra Singh International Cricket St (Mullanpur),4,66,15,Poor,3,58,56,6.315,3,18.75,Excellent
153,Lalit Yadav,India,"Arun Jaitley Stadium, Delhi",4,19,4.75,Bad,3,97,51,11.41,1,51,Bad
160,M Shahrukh Khan,India,"Punjab Cricket Association IS Bindra Stadium, Mohali",4,46,11.5,Poor,0,0,0,N/A,0,N/A,N/A
164,MA Agarwal,India,"Brabourne Stadium, Mumbai",4,52,13,Poor,0,0,0,N/A,0,N/A,N/A
174,MK Pandey,India,"Arun Jaitley Stadium, Delhi",4,48,12,Poor,0,0,0,N/A,0,N/A,N/A
177,MP Stoinis,Australia,"Wankhede Stadium, Mumbai",4,83,20.75,Average,1,14,7,12,0,N/A,Bad
179,MR Marsh,Australia,"Wankhede Stadium, Mumbai",4,64,16,Poor,1,7,12,3.5,0,N/A,Excellent
196,N Pooran,West Indies,"Dr DY Patil Sports Academy, Mumbai",4,108,27,Average,0,0,0,N/A,0,N/A,N/A
197,N Rana,India,"Dr DY Patil Sports Academy, Mumbai",4,97,24.25,Average,1,9,6,9,0,N/A,Poor
203,Naman Dhir,India,"Wankhede Stadium, Mumbai",4,73,18.25,Poor,2,42,23,10.96,0,N/A,Bad
206,Nithish Kumar Reddy,India,"Rajiv Gandhi International Stadium, Hyderabad",4,140,35,Good,3,85,42,12.14,1,42,Bad
211,P Simran Singh,India,Himachal Pradesh Cricket Association Stadium (Dharamsala),4,60,15,Poor,0,0,0,N/A,0,N/A,N/A
223,Q de Kock,South Africa,"Dr DY Patil Sports Academy, Mumbai",4,224,56,Excellent,0,0,0,N/A,0,N/A,N/A
223,Q de Kock,South Africa,"Wankhede Stadium, Mumbai",4,79,19.75,Poor,0,0,0,N/A,0,N/A,N/A
224,R Ashwin,India,"Dr DY Patil Sports Academy, Mumbai",4,80,20,Average,4,117,99,7.09,2,49.5,Good
224,R Ashwin,India,"Sawai Mansingh Stadium, Jaipur",4,35,8.75,Bad,10,299,225,7.97,6,37.5,Good
224,R Ashwin,India,"Wankhede Stadium, Mumbai",4,58,14.5,Poor,7,212,176,7.23,5,35.2,Good
227,R Parag,India,"Dr DY Patil Sports Academy, Mumbai",4,35,8.75,Bad,2,23,12,11.5,1,12,Excellent
227,R Parag,India,"Wankhede Stadium, Mumbai",4,81,20.25,Average,1,22,8,16.5,0,N/A,Bad
229,R Ravindra,New Zealand,"MA Chidambaram Stadium, Chennai",4,125,31.25,Good,1,4,6,4,0,N/A,Excellent
232,R Shepherd,West Indies,"Wankhede Stadium, Mumbai",4,67,16.75,Poor,5,164,71,13.86,2,35.5,Bad
233,R Tewatia,India,"Wankhede Stadium, Mumbai",4,96,24,Average,0,0,0,N/A,0,N/A,N/A
236,RA Tripathi,India,"Dr DY Patil Sports Academy, Mumbai",4,134,33.5,Good,0,0,0,N/A,0,N/A,N/A
236,RA Tripathi,India,"Wankhede Stadium, Mumbai",4,170,42.5,Excellent,0,0,0,N/A,0,N/A,N/A
237,RD Chahar,India,"Brabourne Stadium, Mumbai",4,48,12,Poor,4,124,91,8.18,7,13,Good
238,RD Gaikwad,India,"Dr DY Patil Sports Academy, Mumbai",4,74,18.5,Poor,0,0,0,N/A,0,N/A,N/A
239,RG Sharma,India,"Dr DY Patil Sports Academy, Mumbai",4,14,3.5,Bad,0,0,0,N/A,0,N/A,N/A
243,RK Singh,India,"Wankhede Stadium, Mumbai",4,92,23,Average,0,0,0,N/A,0,N/A,N/A
246,RR Pant,India,"Dr DY Patil Sports Academy, Mumbai",4,80,20,Average,0,0,0,N/A,0,N/A,N/A
247,RR Rossouw,South Africa,"Arun Jaitley Stadium, Delhi",4,40,10,Poor,0,0,0,N/A,0,N/A,N/A
250,RV Uthappa,India,"Dr DY Patil Sports Academy, Mumbai",4,133,33.25,Good,0,0,0,N/A,0,N/A,N/A
256,S Dhawan,India,"Brabourne Stadium, Mumbai",4,98,24.5,Average,0,0,0,N/A,0,N/A,N/A
256,S Dhawan,India,"Dr DY Patil Sports Academy, Mumbai",4,132,33,Good,0,0,0,N/A,0,N/A,N/A
256,S Dhawan,India,"Punjab Cricket Association IS Bindra Stadium, Mohali",4,79,19.75,Poor,0,0,0,N/A,0,N/A,N/A
256,S Dhawan,India,"Wankhede Stadium, Mumbai",4,155,38.75,Good,0,0,0,N/A,0,N/A,N/A
257,S Dube,India,"Dr DY Patil Sports Academy, Mumbai",4,143,35.75,Good,0,0,0,N/A,0,N/A,N/A
266,SD Hope,West Indies,"Arun Jaitley Stadium, Delhi",4,85,21.25,Average,0,0,0,N/A,0,N/A,N/A
270,SM Curran,England,Himachal Pradesh Cricket Association Stadium (Dharamsala),4,89,22.25,Average,4,166,95,10.48,5,19,Average
270,SM Curran,England,"Punjab Cricket Association IS Bindra Stadium, Mohali",4,79,19.75,Poor,5,176,103,10.25,3,34.33333333,Bad
273,SO Hetmyer,West Indies,"Narendra Modi Stadium, Ahmedabad",4,95,23.75,Average,0,0,0,N/A,0,N/A,N/A
275,SP Narine,West Indies,"Dr DY Patil Sports Academy, Mumbai",4,38,9.5,Bad,4,92,97,5.69,1,97,Excellent
277,SS Iyer,India,"Dr DY Patil Sports Academy, Mumbai",4,81,20.25,Average,0,0,0,N/A,0,N/A,N/A
281,SV Samson,India,"Dr DY Patil Sports Academy, Mumbai",4,63,15.75,Poor,0,0,0,N/A,0,N/A,N/A
281,SV Samson,India,"Narendra Modi Stadium, Ahmedabad",4,114,28.5,Average,0,0,0,N/A,0,N/A,N/A
289,Shahbaz Ahmed,India,"M.Chinnaswamy Stadium, Bengaluru",4,36,9,Bad,4,69,24,17.25,0,N/A,Bad
294,Shubman Gill,India,"Dr DY Patil Sports Academy, Mumbai",4,36,9,Bad,0,0,0,N/A,0,N/A,N/A
303,T Stubbs,South Africa,"Wankhede Stadium, Mumbai",4,78,19.5,Poor,0,0,0,N/A,0,N/A,N/A
313,Tilak Varma,India,"Dr DY Patil Sports Academy, Mumbai",4,153,38.25,Good,0,0,0,N/A,0,N/A,N/A
317,V Kohli,India,"Dr DY Patil Sports Academy, Mumbai",4,54,13.5,Poor,0,0,0,N/A,0,N/A,N/A
322,VR Iyer,India,"Dr DY Patil Sports Academy, Mumbai",4,70,17.5,Poor,2,18,12,9,0,N/A,Poor
329,WP Saha,India,"Wankhede Stadium, Mumbai",4,168,42,Excellent,0,0,0,N/A,0,N/A,N/A
331,YBK Jaiswal,India,"Narendra Modi Stadium, Ahmedabad",4,89,22.25,Average,0,0,0,N/A,0,N/A,N/A
331,YBK Jaiswal,India,"Wankhede Stadium, Mumbai",4,206,51.5,Excellent,1,6,1,36,0,N/A,Bad
3,A Manohar,India,"Narendra Modi Stadium, Ahmedabad",5,117,23.4,Average,0,0,0,N/A,0,N/A,N/A
17,AK Markram,South Africa,"Wankhede Stadium, Mumbai",5,113,22.6,Average,1,1,1,6,0,N/A,Excellent
26,Abhishek Sharma,India,"Wankhede Stadium, Mumbai",5,128,25.6,Average,2,24,18,8,0,N/A,Average
43,B Kumar,India,"Rajiv Gandhi International Stadium, Hyderabad",5,28,5.6,Bad,13,416,294,8.49,14,21,Average
59,D Padikkal,India,"Sawai Mansingh Stadium, Jaipur",5,69,13.8,Poor,0,0,0,N/A,0,N/A,N/A
62,DA Miller,South Africa,"Wankhede Stadium, Mumbai",5,137,27.4,Average,0,0,0,N/A,0,N/A,N/A
66,DJ Hooda,India,"Wankhede Stadium, Mumbai",5,153,30.6,Good,1,31,18,10.33,1,18,Average
84,GJ Maxwell,Australia,"Wankhede Stadium, Mumbai",5,196,39.2,Good,4,72,55,7.85,3,18.33333333,Good
102,J Fraser-McGurk,Australia,"Arun Jaitley Stadium, Delhi",5,222,44.4,Excellent,0,0,0,N/A,0,N/A,N/A
115,JM Sharma,India,Maharaja Yadavindra Singh International Cricket St (Mullanpur),5,79,20.75,Average,0,0,0,N/A,0,N/A,N/A
115,JM Sharma,India,"Punjab Cricket Association IS Bindra Stadium, Mohali",5,160,32,Good,0,0,0,N/A,0,N/A,N/A
129,KH Pandya,India,"Wankhede Stadium, Mumbai",5,65,13,Poor,4,85,80,6.38,6,13.33333333,Excellent
133,KL Rahul,India,"Wankhede Stadium, Mumbai",5,235,47,Excellent,0,0,0,N/A,0,N/A,N/A
152,LS Livingstone,England,"Wankhede Stadium, Mumbai",5,119,23.8,Average,5,79,52,9.12,1,52,Poor
153,Lalit Yadav,India,"Wankhede Stadium, Mumbai",5,66,13.2,Poor,4,104,55,11.35,0,N/A,Bad
179,MR Marsh,Australia,"Arun Jaitley Stadium, Delhi",5,98,19.6,Poor,5,118,86,8.23,7,12.28571429,Average
180,MS Dhoni,India,"Wankhede Stadium, Mumbai",5,125,25,Average,0,0,0,N/A,0,N/A,N/A
196,N Pooran,West Indies,"Wankhede Stadium, Mumbai",5,140,28,Average,0,0,0,N/A,0,N/A,N/A
197,N Rana,India,"Wankhede Stadium, Mumbai",5,131,26.2,Average,1,14,6,14,0,N/A,Bad
211,P Simran Singh,India,Maharaja Yadavindra Singh International Cricket St (Mullanpur),5,75,16.25,Poor,0,0,0,N/A,0,N/A,N/A
211,P Simran Singh,India,"Punjab Cricket Association IS Bindra Stadium, Mohali",5,87,17.4,Poor,0,0,0,N/A,0,N/A,N/A
213,PD Salt,England,"Arun Jaitley Stadium, Delhi",5,175,35,Good,0,0,0,N/A,0,N/A,N/A
228,R Powell,West Indies,"Wankhede Stadium, Mumbai",5,147,29.4,Average,0,0,0,N/A,0,N/A,N/A
246,RR Pant,India,"Arun Jaitley Stadium, Delhi",5,209,41.8,Excellent,0,0,0,N/A,0,N/A,N/A
252,Ramandeep Singh,India,"Eden Gardens, Kolkata",5,83,16.6,Poor,1,9,4,13.5,0,N/A,Bad
255,Ravi Bishnoi,India,"Bharat Ratna Shri Atal Bihari Vajpayee Ekana Cricket Stadium, Lucknow",5,10,2,Bad,13,340,274,7.45,15,18.26666667,Good
270,SM Curran,England,Maharaja Yadavindra Singh International Cricket St (Mullanpur),5,124,29.5,Average,5,136,95,7.755,7,13.25,Excellent
272,SN Thakur,India,"Eden Gardens, Kolkata",5,84,16.8,Poor,4,74,38,11.68,3,12.66666667,Bad
277,SS Iyer,India,"Wankhede Stadium, Mumbai",5,128,25.6,Average,1,7,6,7,0,N/A,Good
291,Shashank Singh,India,Maharaja Yadavindra Singh International Cricket St (Mullanpur),5,104,23.75,Average,0,0,0,N/A,0,N/A,N/A
294,Shubman Gill,India,"Wankhede Stadium, Mumbai",5,47,9.4,Bad,0,0,0,N/A,0,N/A,N/A
303,T Stubbs,South Africa,"Arun Jaitley Stadium, Delhi",5,182,36.4,Good,1,4,6,4,1,6,Excellent
322,VR Iyer,India,"Wankhede Stadium, Mumbai",5,199,39.8,Good,1,14,6,14,0,N/A,Bad
19,AR Patel,India,"Wankhede Stadium, Mumbai",6,104,17.33,Poor,6,164,129,7.63,4,32.25,Good
25,Abdul Samad,India,"Rajiv Gandhi International Stadium, Hyderabad",6,120,20,Average,0,0,0,N/A,0,N/A,N/A
27,Abishek Porel,India,"Arun Jaitley Stadium, Delhi",6,222,37,Good,0,0,0,N/A,0,N/A,N/A
33,Anuj Rawat,India,"M.Chinnaswamy Stadium, Bengaluru",6,88,14.67,Poor,0,0,0,N/A,0,N/A,N/A
63,DA Warner,Australia,"Wankhede Stadium, Mumbai",6,154,25.67,Average,0,0,0,N/A,0,N/A,N/A
78,F du Plessis,South Africa,"Wankhede Stadium, Mumbai",6,280,46.67,Excellent,0,0,0,N/A,0,N/A,N/A
89,HC Brook,England,"Rajiv Gandhi International Stadium, Hyderabad",6,69,11.5,Poor,0,0,0,N/A,0,N/A,N/A
128,KD Karthik,India,"Wankhede Stadium, Mumbai",6,225,37.5,Good,0,0,0,N/A,0,N/A,N/A
136,KR Mayers,West Indies,"Bharat Ratna Shri Atal Bihari Vajpayee Ekana Cricket Stadium, Lucknow",6,153,25.5,Average,2,12,13,5.54,0,N/A,Excellent
145,Kuldeep Yadav,India,"Arun Jaitley Stadium, Delhi",6,16,2.67,Bad,12,375,253,8.89,12,21.08333333,Average
164,MA Agarwal,India,"Rajiv Gandhi International Stadium, Hyderabad",6,174,29,Average,0,0,0,N/A,0,N/A,N/A
164,MA Agarwal,India,"Wankhede Stadium, Mumbai",6,123,20.5,Average,0,0,0,N/A,0,N/A,N/A
199,N Wadhera,India,"Wankhede Stadium, Mumbai",6,80,13.33,Poor,1,13,12,6.5,0,N/A,Excellent
220,PP Shaw,India,"Arun Jaitley Stadium, Delhi",6,67,11.17,Poor,0,0,0,N/A,0,N/A,N/A
220,PP Shaw,India,"Wankhede Stadium, Mumbai",6,148,24.67,Average,0,0,0,N/A,0,N/A,N/A
223,Q de Kock,South Africa,"Bharat Ratna Shri Atal Bihari Vajpayee Ekana Cricket Stadium, Lucknow",6,157,26.17,Average,0,0,0,N/A,0,N/A,N/A
227,R Parag,India,"Sawai Mansingh Stadium, Jaipur",6,226,37.67,Good,1,10,6,10,0,N/A,Bad
238,RD Gaikwad,India,"Wankhede Stadium, Mumbai",6,199,33.17,Good,0,0,0,N/A,0,N/A,N/A
246,RR Pant,India,"Wankhede Stadium, Mumbai",6,164,27.33,Average,0,0,0,N/A,0,N/A,N/A
251,Rahmanullah Gurbaz,Afghanistan,"Eden Gardens, Kolkata",6,181,30.17,Good,0,0,0,N/A,0,N/A,N/A
257,S Dube,India,"Wankhede Stadium, Mumbai",6,115,19.17,Poor,1,15,6,15,0,N/A,Bad
272,SN Thakur,India,"Wankhede Stadium, Mumbai",6,53,8.83,Bad,7,228,152,9,8,19,Average
273,SO Hetmyer,West Indies,"Wankhede Stadium, Mumbai",6,168,28,Average,0,0,0,N/A,0,N/A,N/A
309,TM Head,Australia,"Rajiv Gandhi International Stadium, Hyderabad",6,241,40.17,Excellent,0,0,0,N/A,0,N/A,N/A
317,V Kohli,India,"Wankhede Stadium, Mumbai",6,94,15.67,Poor,0,0,0,N/A,0,N/A,N/A
22,AT Rayudu,India,"MA Chidambaram Stadium, Chennai",7,93,13.29,Poor,0,0,0,N/A,0,N/A,N/A
48,C Green,Australia,"M.Chinnaswamy Stadium, Bengaluru",7,121,17.29,Poor,7,147,106,8.32,5,21.2,Average
48,C Green,Australia,"Wankhede Stadium, Mumbai",7,229,32.71,Good,7,146,103,8.5,4,25.75,Average
59,D Padikkal,India,"Wankhede Stadium, Mumbai",7,155,22.14,Average,0,0,0,N/A,0,N/A,N/A
68,DJ Mitchell,New Zealand,"MA Chidambaram Stadium, Chennai",7,157,22.43,Average,1,18,13,8.31,1,13,Good
75,Dhruv Jurel,India,"Sawai Mansingh Stadium, Jaipur",7,86,12.29,Poor,0,0,0,N/A,0,N/A,N/A
108,JC Buttler,England,"Wankhede Stadium, Mumbai",7,282,40.29,Excellent,0,0,0,N/A,0,N/A,N/A
213,PD Salt,England,"Eden Gardens, Kolkata",7,350,50,Excellent,0,0,0,N/A,0,N/A,N/A
244,RM Patidar,India,"M.Chinnaswamy Stadium, Bengaluru",7,154,22,Average,0,0,0,N/A,0,N/A,N/A
277,SS Iyer,India,"Eden Gardens, Kolkata",7,167,23.86,Average,0,0,0,N/A,0,N/A,N/A
281,SV Samson,India,"Wankhede Stadium, Mumbai",7,170,24.29,Average,0,0,0,N/A,0,N/A,N/A
318,V Shankar,India,"Narendra Modi Stadium, Ahmedabad",7,143,20.43,Average,0,0,0,N/A,0,N/A,N/A
63,DA Warner,Australia,"Arun Jaitley Stadium, Delhi",8,308,38.5,Good,0,0,0,N/A,0,N/A,N/A
71,DP Conway,New Zealand,"MA Chidambaram Stadium, Chennai",8,390,48.75,Excellent,0,0,0,N/A,0,N/A,N/A
233,R Tewatia,India,"Narendra Modi Stadium, Ahmedabad",8,114,14.25,Poor,1,7,7,6,0,N/A,Excellent
236,RA Tripathi,India,"Rajiv Gandhi International Stadium, Hyderabad",8,184,23,Average,0,0,0,N/A,0,N/A,N/A
17,AK Markram,South Africa,"Rajiv Gandhi International Stadium, Hyderabad",9,248,27.56,Average,2,32,24,8,1,24,Average
175,MM Ali,England,"MA Chidambaram Stadium, Chennai",9,84,9.33,Bad,9,178,133,8.03,5,26.6,Average
197,N Rana,India,"Eden Gardens, Kolkata",9,230,25.56,Average,4,50,24,12.5,1,24,Poor
253,Rashid Khan,Afghanistan,"Narendra Modi Stadium, Ahmedabad",9,56,6.22,Bad,16,527,368,8.59,19,19.36842105,Average
273,SO Hetmyer,West Indies,"Sawai Mansingh Stadium, Jaipur",9,102,11.33,Poor,0,0,0,N/A,0,N/A,N/A
66,DJ Hooda,India,"Bharat Ratna Shri Atal Bihari Vajpayee Ekana Cricket Stadium, Lucknow",10,117,11.7,Poor,2,21,18,7,0,N/A,Good
87,H Klaasen,South Africa,"Rajiv Gandhi International Stadium, Hyderabad",10,435,43.5,Excellent,0,0,0,N/A,0,N/A,N/A
91,HH Pandya,India,"Narendra Modi Stadium, Ahmedabad",10,235,23.5,Average,9,203,143,8.52,6,23.83333333,Average
108,JC Buttler,England,"Sawai Mansingh Stadium, Jaipur",10,335,33.5,Good,0,0,0,N/A,0,N/A,N/A
173,MK Lomror,India,"M.Chinnaswamy Stadium, Bengaluru",10,151,15.1,Poor,1,18,9,12,0,N/A,Bad
281,SV Samson,India,"Sawai Mansingh Stadium, Jaipur",10,391,39.1,Good,0,0,0,N/A,0,N/A,N/A
331,YBK Jaiswal,India,"Sawai Mansingh Stadium, Jaipur",10,327,32.7,Good,0,0,0,N/A,0,N/A,N/A
1,A Badoni,India,"Bharat Ratna Shri Atal Bihari Vajpayee Ekana Cricket Stadium, Lucknow",11,216,19.64,Poor,0,0,0,N/A,0,N/A,N/A
18,AM Rahane,India,"MA Chidambaram Stadium, Chennai",11,193,17.55,Poor,0,0,0,N/A,0,N/A,N/A
91,HH Pandya,India,"Wankhede Stadium, Mumbai",11,229,20.82,Average,8,238,146,9.78,8,18.25,Average
180,MS Dhoni,India,"MA Chidambaram Stadium, Chennai",11,106,9.64,Bad,0,0,0,N/A,0,N/A,N/A
235,RA Jadeja,India,"MA Chidambaram Stadium, Chennai",11,158,14.36,Poor,15,321,306,6.29,15,20.4,Excellent
11,AD Russell,West Indies,"Eden Gardens, Kolkata",12,257,21.42,Average,12,267,138,11.61,12,11.5,Excellent
19,AR Patel,India,"Arun Jaitley Stadium, Delhi",12,274,22.83,Average,11,270,209,7.75,8,26.125,Good
26,Abhishek Sharma,India,"Rajiv Gandhi International Stadium, Hyderabad",12,317,26.42,Average,4,89,50,10.68,1,50,Bad
44,B Sai Sudharsan,India,"Narendra Modi Stadium, Ahmedabad",12,603,50.25,Excellent,0,0,0,N/A,0,N/A,N/A
62,DA Miller,South Africa,"Narendra Modi Stadium, Ahmedabad",12,254,21.17,Average,0,0,0,N/A,0,N/A,N/A
84,GJ Maxwell,Australia,"M.Chinnaswamy Stadium, Bengaluru",12,315,26.25,Average,6,146,104,8.42,7,14.85714286,Good
133,KL Rahul,India,"Bharat Ratna Shri Atal Bihari Vajpayee Ekana Cricket Stadium, Lucknow",12,483,40.25,Excellent,0,0,0,N/A,0,N/A,N/A
275,SP Narine,West Indies,"Eden Gardens, Kolkata",12,220,18.33,Poor,14,337,306,6.61,14,21.85714286,Excellent
129,KH Pandya,India,"Bharat Ratna Shri Atal Bihari Vajpayee Ekana Cricket Stadium, Lucknow",13,222,17.08,Poor,11,263,233,6.77,11,21.18181818,Excellent
243,RK Singh,India,"Eden Gardens, Kolkata",13,383,29.46,Average,0,0,0,N/A,0,N/A,N/A
306,TH David,Australia,"Wankhede Stadium, Mumbai",13,325,25,Average,0,0,0,N/A,0,N/A,N/A
322,VR Iyer,India,"Eden Gardens, Kolkata",13,274,21.08,Average,0,0,0,N/A,0,N/A,N/A
78,F du Plessis,South Africa,"M.Chinnaswamy Stadium, Bengaluru",14,559,39.93,Good,0,0,0,N/A,0,N/A,N/A
128,KD Karthik,India,"M.Chinnaswamy Stadium, Bengaluru",14,237,16.93,Poor,0,0,0,N/A,0,N/A,N/A
177,MP Stoinis,Australia,"Bharat Ratna Shri Atal Bihari Vajpayee Ekana Cricket Stadium, Lucknow",14,336,24,Average,7,99,79,7.52,5,15.8,Good
196,N Pooran,West Indies,"Bharat Ratna Shri Atal Bihari Vajpayee Ekana Cricket Stadium, Lucknow",14,217,15.5,Poor,0,0,0,N/A,0,N/A,N/A
257,S Dube,India,"MA Chidambaram Stadium, Chennai",14,399,28.5,Average,1,14,6,14,1,6,Excellent
264,SA Yadav,India,"Wankhede Stadium, Mumbai",14,584,41.71,Excellent,0,0,0,N/A,0,N/A,N/A
313,Tilak Varma,India,"Wankhede Stadium, Mumbai",14,311,22.21,Average,0,0,0,N/A,0,N/A,N/A
317,V Kohli,India,"M.Chinnaswamy Stadium, Bengaluru",14,694,49.57,Excellent,0,0,0,N/A,0,N/A,N/A
238,RD Gaikwad,India,"MA Chidambaram Stadium, Chennai",15,706,47.07,Excellent,0,0,0,N/A,0,N/A,N/A
329,WP Saha,India,"Narendra Modi Stadium, Ahmedabad",15,270,18,Poor,0,0,0,N/A,0,N/A,N/A
294,Shubman Gill,India,"Narendra Modi Stadium, Ahmedabad",16,901,56.31,Excellent,0,0,0,N/A,0,N/A,N/A
101,Ishan Kishan,India,"Wankhede Stadium, Mumbai",18,497,27.61,Average,0,0,0,N/A,0,N/A,N/A
239,RG Sharma,India,"Wankhede Stadium, Mumbai",18,562,31.22,Good,0,0,0,N/A,0,N/A,N/A
